company_Name,domain,web server,ip_address,Host,email,,,,,,
ColdQuanta,coldquanta.com,Flywheel/5.1.0,151.101.66.159,"Fastly,",outlook,,,,,,
Contentstack,contentstack.com,Vercel,76.76.21.21,"Amazon.com,",google,,,,,,
Astera Labs,asteralabs.com,cloudflare,172.67.142.5,"Cloudflare,",outlook,,,,,,
WEKA,weka.io,,,Hetzner,google,,,,,,
Sense,sensehq.com,,34.209.167.56,"Amazon.com,",google,,,,,,
Bishop Fox,bishopfox.com,cloudflare,104.24.3.98,"Cloudflare,",outlook,,,,,,
Apiiro,apiiro.com,nginx,199.16.173.39,"Automattic,",google,,,,,,
Mysten Labs,mystenlabs.com,,199.36.158.100,"Fastly,",google,,,,,,
Ascend Elements,ascendelements.com,,,Hetzner,outlook,,,,,,
Solugen,solugen.com,cloudflare,162.159.135.42,"Cloudflare,",google,,,,,,
Orum,orumhq.com,,,Hetzner,google,,,,,,
Spot AI,spotai.co,,,Hetzner,google,,,,,,
TIFIN,tifin.com,cloudflare,172.67.134.157,"Cloudflare,",google,,,,,,
UPSIDE Foods,upsidefoods.com,cloudflare,104.18.36.75,"Cloudflare,",google,,,,,,
ISEE,isee.ai,nginx,157.230.177.67,"DigitalOcean,",google,,,,,,
Alloy,alloy.co,,,Hetzner,google,,,,,,
Xeal,xealenergy.com,Netlify,35.247.66.204,Google,google,,,,,,
Parallel Domain,paralleldomain.com,Netlify,75.2.60.5,"Amazon.com,",google,,,,,,
Enable,enable.com,,34.251.201.224,"Amazon.com,",outlook,,,,,,
Chief,chief.com,cloudflare,172.64.147.48,"Cloudflare,",google,,,,,,
Brex,brex.com,,,Hetzner,google,,,,,,
Qwick,qwick.com,,52.25.204.60,"Amazon.com,",google,,,,,,
Twelve,antennagroup.com,nginx,35.199.183.49,Google,google,,,,,,
Liquid Death,liquiddeath.com,cloudflare,23.227.38.32,"Cloudflare,",google,,,,,,
Island,island.io,,52.25.204.60,"Amazon.com,",google,,,,,,
Swiftly,swiftly.com,,52.11.45.250,"Amazon.com,",outlook,,,,,,
Cross River,crossriverbank.com,,,Hetzner,arsmtp,,,,,,
Uniswap,uniswap.org,cloudflare,104.18.22.54,"Cloudflare,",google,,,,,,
SiMa.ai,sima.ai.,,,Hetzner,,,,,,,
SirionLabs,sirionlabs.com,cloudflare,141.193.213.21,Cloudflare,outlook,,,,,,
HealthJoy,healthjoy.com,cloudflare,199.60.103.30,Cloudflare,google,,,,,,
Athletic Brewing,athleticbrewing.com,cloudflare,23.227.38.32,"Cloudflare,",google,,,,,,
Jnana Therapeutics,jnanatx.com,cloudflare,141.193.213.21,Cloudflare,mimecast,,,,,,
Canary Technologies,canarytechnologies.com,nginx,35.166.180.167,"Amazon.com,",google,,,,,,
CleverTap,clevertap.com,cloudflare,104.18.16.89,"Cloudflare,",google,,,,,,
Partake Foods,partakefoods.com,cloudflare,23.227.38.32,"Cloudflare,",google,,,,,,
Viome,viome.com,istio-envoy,3.227.27.84,"Amazon.com,",google,,,,,,
Sardine,sardine.ai,Vercel,76.76.21.9,"Amazon.com,",google,,,,,,
RoadRunner Recycling,roadrunnerwm.com,cloudflare,199.60.103.228,Cloudflare,google,,,,,,
Sepio,sepio.systems,,,Hetzner,outlook,,,,,,
Abnormal Security,abnormalsecurity.com,Vercel,76.76.21.21,"Amazon.com,",google,,,,,,
Laika,heylaika.com,,,Hetzner,google,,,,,,
CareAcademy,careacademy.com,cloudflare,141.193.213.21,Cloudflare,google,,,,,,
Owl Labs,owllabs.com,Netlify,75.2.60.5,"Amazon.com,",google,,,,,,
Mayvenn,mayvenn.com,Jetty(9.4.42.v20210604),52.6.72.206,"Amazon.com,",google,,,,,,
Hazel Health,hazel.co,,34.209.167.56,"Amazon.com,",google,,,,,,
Elemental Machines,elementalmachines.io,,,Hetzner,google,,,,,,
CrowdStreet,crowdstreet.com,cloudflare,104.21.34.162,"Cloudflare,",google,,,,,,
Syzygy Plasmonics,plasmonics.tech,Netlify,75.2.60.5,"Amazon.com,",outlook,,,,,,
Fountain,fountain.com,cloudflare,104.18.19.164,"Cloudflare,",google,,,,,,
Cognoa,cognoa.com,cloudflare,141.193.213.21,Cloudflare,outlook,,,,,,
Treez,treez.io,Vercel,76.76.21.21,"Amazon.com,",google,,,,,,
AutoLeadStar,autoleadstar.com,,,Hetzner,google,,,,,,
Tellius,tellius.com,Pagely-ARES/1.10.28,35.168.216.102,"Amazon.com,",outlook,,,,,,
Talos,talos.com,,34.209.167.56,"Amazon.com,",google,,,,,,
Hone,honehq.com,cloudflare,104.26.5.140,"Cloudflare,",google,,,,,,
Tecton,tecton.ai,cloudflare,141.193.213.11,Cloudflare,google,,,,,,
DataGrail,datagrail.io,cloudflare,141.193.213.10,Cloudflare,google,,,,,,
CG Oncology,coldgenesys.com,,,Hetzner,google,,,,,,
Glean,glean.com,,,Hetzner,google,,,,,,
Fathom Health,fathomhealth.com,,76.223.27.102,"Amazon.com,",google,,,,,,
Stairwell,stairwell.com,cloudflare,172.67.156.7,"Cloudflare,",google,,,,,,
Apploi,apploi.com,,,Hetzner,google,,,,,,
Jetti Resources,jettiresources.com,nginx,18.169.245.167,"Amazon.com,",outlook,,,,,,
Rokid,rokid.ai,cloudflare,141.193.213.10,Cloudflare,google,,,,,,
MedCrypt,medcrypt.co,,52.11.45.250,"Amazon.com,",google,,,,,,
Neocis,neocisinc.com,,,Hetzner,google,,,,,,
Front,frontapp.com,,,Hetzner,google,,,,,,
MBX Biosciences,mbxbio.com,cloudflare,162.159.134.42,"Cloudflare,",outlook,,,,,,
Biofourmis,biofourmis.com,,52.11.45.250,"Amazon.com,",outlook,,,,,,
Semperis,semperis.com,,,Hetzner,outlook,,,,,,
Emalex Biosciences,emalexbiosciences.com,Apache/2.4.56 (Debian),173.254.216.4,QuadraNet,mimecast,,,,,,
Swift Navigation,swiftnav.com,Cowboy,52.204.242.176,"Amazon.com,",google,,,,,,
ConcertAI,concertohealthai.com,,,Hetzner,outlook,,,,,,
Arcadia,arcadia.com,Netlify,34.83.23.240,Google,pphosted,,,,,,
Prime Trust,primetrust.com,Netlify,35.199.181.187,Google,google,,,,,,
Resilia,resilia.com,Squarespace,198.49.23.144,"Squarespace,",google,,,,,,
Securiti,securiti.ai,cloudflare,172.67.68.185,"Cloudflare,",google,,,,,,
Particle Health,particlehealth.com,,34.209.167.56,"Amazon.com,",google,,,,,,
Kriya Therapeutics,kriyatherapeutics.com,cloudflare,104.21.63.119,"Cloudflare,",mimecast,,,,,,
Logiwa,logiwa.com,nginx,35.199.32.25,Google,google,,,,,,
Aisera,aisera.com,cloudflare,141.193.213.10,Cloudflare,google,,,,,,
SpinLaunch,spinlaunch.com,,,Hetzner,spinlaunch,,,,,,
Pie Insurance,pieinsurance.com,cloudflare,141.193.213.10,Cloudflare,google,,,,,,
Yellow Card,yellowcard.io,cloudflare,104.18.0.88,"Cloudflare,",google,,,,,,
Firework,fireworkhq.com,,,Hetzner,google,,,,,,
Golden,golden.co,,,Hetzner,google,,,,,,
Subtle Medical,subtlemedical.com,,,Hetzner,google,,,,,,
Finexio,finexio.com,,52.25.204.60,"Amazon.com,",outlook,,,,,,
Fortanix,fortanix.com,CloudFront,18.161.6.35,"Amazon.com,",outlook,,,,,,
Infinitum Electric,infinitumelectric.com,,,Hetzner,barracudanetworks,,,,,,
JupiterOne,jupiterone.com,,34.209.167.56,"Amazon.com,",google,,,,,,
ClassDojo,classdojo.com,AmazonS3,18.161.6.99,"Amazon.com,",google,,,,,,
NeuroFlow,neuroflow.com,,,Hetzner,google,,,,,,
VUZ,360vuz.com,,,Hetzner,google,,,,,,
Astronomer,astronomer.io,Netlify,34.83.11.4,Google,google,,,,,,
Hint Health,hint.com,,,Hetzner,google,,,,,,
Zip,ziphq.com,,52.11.45.250,"Amazon.com,",google,,,,,,
Resilience,resilence.com,nginx,104.247.82.53,Team,H-email,,,,,,
SubjectWell,subjectwell.com,Flywheel/5.1.0,151.101.2.159,"Fastly,",outlook,,,,,,
Tibit Communications,tibitcom.com,nginx,35.247.81.19,Google,google,,,,,,
Alto Neuroscience,altoneuroscience.com,,34.209.167.56,"Amazon.com,",google,,,,,,
Mesh Payments,meshpayments.com,,,Hetzner,google,,,,,,
Expel,expel.com,nginx,35.173.74.67,"Amazon.com,",pphosted,,,,,,
Meati,meati.com,GatsbyHosting,199.232.198.22,"Fastly,",ppe-hosted,,,,,,
Brave,brave.com,AmazonS3,18.172.170.4,"Amazon.com,",google,,,,,,
Swimlane,swimlane.com,cloudflare,104.26.2.130,"Cloudflare,",google,,,,,,
HackerRank,hackerrank.com,nginx,2.19.143.98,Akamai,google,,,,,,
Akash Systems,akashsystemsinc.com,,,Hetzner,google,,,,,,
WorkSpan,workspan.com,,34.209.167.56,"Amazon.com,",google,,,,,,
Owkin,owkin.com,Netlify,75.2.60.5,"Amazon.com,",google,,,,,,
Soli Organic,soliorganic.com,cloudflare,162.159.135.42,"Cloudflare,",outlook,,,,,,
Patch Technologies,patch.io,,52.25.204.60,"Amazon.com,",google,,,,,,
Jiko,jiko.io,Netlify,104.198.14.52,Google,google,,,,,,
Digits,digits.com,,34.95.92.107,Google,google,,,,,,
PowerToFly,powertofly.com,,18.161.6.90,"Amazon.com,",google,,,,,,
tray.io,tray.io,,204.246.191.53,"Amazon.com,",google,,,,,,
Tive,tive.com,,52.25.204.60,"Amazon.com,",google,,,,,,
Solid,solidfi.com,,34.209.167.56,"Amazon.com,",ppe-hosted,,,,,,
Span.IO,span.io,,34.209.167.56,"Amazon.com,",google,,,,,,
Newfront,newfront.com,Vercel,76.76.21.98,"Amazon.com,",outlook,,,,,,
Center,getcenter.com,nginx,23.185.0.3,"Fastly,",outlook,,,,,,
HYCU,hycu.com,,151.139.128.10,"StackPath,",outlook,,,,,,
Maven Clinic,mavenclinic.com,nginx,34.134.226.239,Google,google,,,,,,
Arize AI,arize.com,cloudflare,162.159.135.42,"Cloudflare,",google,,,,,,
ZeroAvia,zeroavia.com,,199.15.163.128,Wix.com,google,,,,,,
Teleport,goteleport.com,cloudflare,104.18.6.23,"Cloudflare,",google,,,,,,
Cellarity,cellarity.com,Sucuri/Cloudproxy,192.124.249.106,Sucuri,mimecast,,,,,,
Flueid,flueid.com,AmazonS3,99.84.66.4,"Amazon.com,",outlook,,,,,,
Wonder,wonder.com,Squarespace,198.49.23.145,"Squarespace,",mimecast,,,,,,
Brightline,emiliohealth.com,,,Hetzner,google,,,,,,
Casma Therapeutics,casmatx.com,nginx,104.196.53.7,Google,mimecast,,,,,,
0x,0xproject.com,,,Hetzner,google,,,,,,
Stable,stableprice.com,Squarespace,198.185.159.144,"Squarespace,",google,,,,,,
Bravado,bravado.co,cloudflare,172.67.36.201,"Cloudflare,",google,,,,,,
AssemblyAI,assemblyai.com,Netlify,34.168.30.71,Google,google,,,,,,
Arthur AI,arthur.ai,,34.209.167.56,"Amazon.com,",google,,,,,,
Hex Technologies,hex.tech,,,Hetzner,google,,,,,,
Empatica,empatica.com,Netlify,35.199.181.187,Google,google,,,,,,
Electric Hydrogen,eh2.com,cloudflare,141.193.213.21,Cloudflare,mimecast,,,,,,
Spotnana Technology,spotnana.com,cloudflare,141.193.213.11,Cloudflare,google,,,,,,
OneSignal,onesignal.com,cloudflare,104.18.215.59,"Cloudflare,",google,,,,,,
Moxion Power,moxionpower.com,,34.209.167.56,"Amazon.com,",google,,,,,,
Narmi,narmi.com,,52.11.45.250,"Amazon.com,",google,,,,,,
Unravel Data,unraveldata.com,cloudflare,172.67.24.134,"Cloudflare,",google,,,,,,
Firefly Aerospace,fireflyspace.com,cloudflare,141.193.213.20,Cloudflare,outlook,,,,,,
TheGuarantors,theguarantors.com,Vercel,76.76.21.142,"Amazon.com,",google,,,,,,
Clear Street,clearstreet.io,,52.11.45.250,"Amazon.com,",mimecast,,,,,,
Kneron,kneron.us,,,Hetzner,outlook,,,,,,
Velocity Global,velocityglobal.com,cloudflare,104.26.5.134,"Cloudflare,",google,,,,,,
Magic Spoon,magicspoon.com,cloudflare,23.227.38.32,"Cloudflare,",google,,,,,,
Taranis,taranis.ag,,,Hetzner,google,,,,,,
Filevine,filevine.com,nginx/1.24.0,44.236.166.116,"Amazon.com,",google,,,,,,
Brave Health,bebravehealth.com,,,Hetzner,emailservice,,,,,,
Hello Heart,helloheart.com,,52.25.204.60,"Amazon.com,",google,,,,,,
Bevi,bevi.co,cloudflare,141.193.213.20,Cloudflare,google,,,,,,
Strike,strike.me,Netlify,147.75.40.150,Packet,google,,,,,,
Kojo,usekojo.com,,34.209.167.56,"Amazon.com,",google,,,,,,
TRM Labs,trmlabs.com,,52.11.45.250,"Amazon.com,",google,,,,,,
Pulley,pulley.com,,34.102.133.158,Google,google,,,,,,
AngelList Talent,gmail.com,,,Hetzner,google,,,,,,
Ordr,ordr.net,cloudflare,141.193.213.11,Cloudflare,outlook,,,,,,
HopSkipDrive,hopskipdrive.com,cloudflare,199.60.103.30,Cloudflare,barracudanetworks,,,,,,
Brightseed,brightseedbio.com,Vercel,76.76.21.21,"Amazon.com,",google,,,,,,
Cleerly,cleerly.co,openresty/1.13.6.1,45.33.2.79,Akamai,mailerhost,,,,,,
Middesk,middesk.com,,34.209.167.56,"Amazon.com,",google,,,,,,
Zerion,zerion.io,cloudflare,104.26.10.68,"Cloudflare,",google,,,,,,
Digital Diagnostics,digitaldiagnostics.com,,,Hetzner,outlook,,,,,,
Clarify Health Solutions,clarifyhealth.com,cloudflare,172.67.97.163,"Cloudflare,",outlook,,,,,,
Tienda Pago,tiendapago.com,Apache,107.180.28.81,"GoDaddy.com,",google,,,,,,
Sesame,sesamecare.com,,,Hetzner,google,,,,,,
Tomorrow Health,tomorrowhealth.com,,52.11.45.250,"Amazon.com,",google,,,,,,
Breezeway,breezeway.io,cloudflare,199.60.103.226,Cloudflare,google,,,,,,
Vivun,vivun.com,cloudflare,162.159.134.42,"Cloudflare,",google,,,,,,
Atom Power,atompower.com,,199.15.163.148,Wix.com,google,,,,,,
Trace,traceup.com,,,Hetzner,google,,,,,,
Alation,alation.com,nginx,104.198.2.56,Google,google,,,,,,
Gotham Greens,gothamgreens.com,nginx,35.223.172.190,Google,barracudanetworks,,,,,,
PicnicHealth,picnichealth.com,cloudflare,104.26.7.164,"Cloudflare,",google,,,,,,
Connectbase,connected2fiber.com,,,Hetzner,outlook,,,,,,
Ethic,ethicinvesting.com,,,Hetzner,google,,,,,,
LogRocket,logrocket.com,,,Hetzner,google,,,,,,
Obsidian Security,obsidiansecurity.com,nginx,35.202.211.50,Google,google,,,,,,
Boulevard,joinblvd.com,,18.161.6.123,"Amazon.com,",google,,,,,,
Data.world,data.world,,151.101.2.133,"Fastly,",google,,,,,,
Underdog Fantasy,underdogfantasy.com,Google Frontend,151.101.66.132,"Fastly,",google,,,,,,
Impact Analytics,impactanalytics.co,cloudflare,104.18.22.43,"Cloudflare,",google,,,,,,
Courier,courier.com,Vercel,76.76.21.21,"Amazon.com,",google,,,,,,
Bicycle Health,bicyclehealth.com,cloudflare,104.22.17.179,"Cloudflare,",google,,,,,,
Federated Wireless,federatedwireless.com,cloudflare,104.22.71.155,"Cloudflare,",mimecast,,,,,,
Qualified.com,qualified.com,nginx,3.226.232.232,"Amazon.com,",google,,,,,,
Lilt,lilt.com,,35.190.15.33,Google,google,,,,,,
OpenPhone,openphone.co,cloudflare,104.18.8.187,"Cloudflare,",google,,,,,,
Tebra,kareo.com,,,Hetzner,google,,,,,,
onxMaps,onxmaps.com,,,Hetzner,google,,,,,,
Bionic,bionic.ai,cloudflare,141.193.213.20,Cloudflare,google,,,,,,
Panzura,panzura.com,cloudflare,141.193.213.11,Cloudflare,outlook,,,,,,
Edge Delta,edgedelta.com,AmazonS3,18.161.6.21,"Amazon.com,",google,,,,,,
BillionToOne,billiontoone.com,cloudflare,141.193.213.21,Cloudflare,google,,,,,,
Capital Rx,cap-rx.com,,52.11.45.250,"Amazon.com,",outlook,,,,,,
Everytable,everytable.com,,,Hetzner,ppe-hosted,,,,,,
airSlate,airslate.com,,,Hetzner,google,,,,,,
RippleMatch,ripplematch.com,nginx,35.188.156.234,Google,google,,,,,,
LinearB,linearb.io,nginx,46.101.35.195,"DigitalOcean,",google,,,,,,
Carisma Therapeutics,carismatx.com,Sucuri/Cloudproxy,192.124.249.62,Sucuri,emailservice.io,,,,,,
Dealpath,dealpath.com,AmazonS3,204.246.191.27,"Amazon.com,",google,,,,,,
Material Bank,materialbank.com,,151.101.22.49,"Fastly,",outlook,,,,,,
Agility Robotics,agilityrobotics.com,Squarespace,198.49.23.144,"Squarespace,",google,,,,,,
Tessera Therapeutics,tesseratx.com,,,Hetzner,mimecast,,,,,,
Carbyne,carbyne.com,cloudflare,141.193.213.21,Cloudflare,google,,,,,,
Ayar Labs,ayarlabs.com,,,Hetzner,google,,,,,,
Tovala,tovala.com,Vercel,76.76.21.21,"Amazon.com,",google,,,,,,
COTA Healthcare,cotahealthcare.com,cloudflare,162.159.135.42,"Cloudflare,",google,,,,,,
STRIVR,strivr.com,nginx,104.198.66.55,Google,google,,,,,,
Capitolis,eternapartners.com,Apache,89.187.85.19,Coreix,scanscope.net,,,,,,
Zoovu,zoovu.com,,,Hetzner,outlook,,,,,,
ZineOne,zineone.com,,,Hetzner,google,,,,,,
Ellevest,ellevest.com,cloudflare,104.18.29.25,"Cloudflare,",google,,,,,,
Kitchen United,kitchenunited.com,nginx,104.198.51.78,Google,google,,,,,,
Torch,torch.io,nginx,35.185.112.185,Google,google,,,,,,
Seegrid,seegrid.com,nginx,104.198.28.229,Google,google,,,,,,
Sana Benefits,sanabenefits.com,,,Hetzner,google,,,,,,
Stylitics,stylitics.com,nginx/1.21.0,167.99.52.135,"DigitalOcean,",google,,,,,,
Beta Technologies,beta.team,nginx,23.185.0.1,"Fastly,",google,,,,,,
X1,x1.co,,,Hetzner,google,,,,,,
Sun King,greenlightplanet.com,,,Hetzner,google,,,,,,
GrowthSpace,growthspace.com,cloudflare,141.193.213.21,Cloudflare,google,,,,,,
Cirkul,drinkcirkul.com,cloudflare,23.227.38.32,"Cloudflare,",google,,,,,,
Cube,cubesoftware.com,cloudflare,199.60.103.254,Cloudflare,google,,,,,,
Proscia,proscia.com,nginx,34.68.119.204,Google,google,,,,,,
Knoetic,knoetic.com,,52.25.204.60,"Amazon.com,",google,,,,,,
Capella Space,capellaspace.com,cloudflare,104.26.6.147,"Cloudflare,",office365,,,,,,
Fairmarkit,fairmarkit.com,,52.11.45.250,"Amazon.com,",google,,,,,,
Verishop,verishop.com,cloudflare,104.17.159.23,"Cloudflare,",google,,,,,,
Kumo.AI,kumo.ai,nginx,52.22.57.175,"Amazon.com,",google,,,,,,
Movable Ink,movableink.com,Cowboy,23.23.235.50,"Amazon.com,",google,,,,,,
Atomica Corp,atomica.com,cloudflare,141.193.213.20,Cloudflare,Hydra sophos,,,,,,
ReCode Therapeutics,recodetx.com,cloudflare,141.193.213.20,Cloudflare,outlook,,,,,,
GOQii,goqii.com,nginx,3.7.133.173,"Amazon.com,",google,,,,,,
Vizgen,vizgen.com,nginx,35.190.155.134,Google,outlook,,,,,,
Branch,ourbranch.com,,,Hetzner,google,,,,,,
Fly.io,fly.io.,,,Hetzner,,,,,,,
IntelyCare,intelycare.com,Sucuri/Cloudproxy,192.124.249.133,Sucuri,outlook,,,,,,
Vaxess Technologies,vaxess.com,Squarespace,198.49.23.145,"Squarespace,",google,,,,,,
Rookout,rookout.com,cloudflare,172.66.43.109,"Cloudflare,",google,,,,,,
Celona,celona.io,,52.25.204.60,"Amazon.com,",ppe-hosted,,,,,,
Finix Payments,finixpayments.com,,,Hetzner,google,,,,,,
Quiq,goquiq.com,,,Hetzner,google,,,,,,
Built Robotics,builtrobotics.com,cloudflare,104.26.10.110,"Cloudflare,",google,,,,,,
Boatsetter,boatsetter.com,nginx,3.213.6.164,"Amazon.com,",google,,,,,,
WSO2,wso2.com,cloudflare,104.18.14.72,"Cloudflare,",google,,,,,,
Regrow Ag,regrow.ag,,52.25.204.60,"Amazon.com,",google,,,,,,
Lightning AI,lightning.ai,nginx,34.111.9.200,Google,google,,,,,,
Botrista Technology,botrista.io,,,Hetzner,google,,,,,,
Diligent Robotics,diligentrobots.com,Squarespace,198.49.23.145,"Squarespace,",google,,,,,,
Demostack,demostack.com,Netlify,54.177.41.125,"Amazon.com,",google,,,,,,
Mashgin,mashgin.com,,,Hetzner,google,,,,,,
Kaiyo,kaiyo.com,cloudflare,172.67.5.190,"Cloudflare,",google,,,,,,
SkySpecs,skyspecs.com,nginx,35.233.245.83,Google,google,,,,,,
DealHub.io,dealhub.io,,,Hetzner,google,,,,,,
Noyo,noyo.com,Netlify,34.83.11.4,Google,google,,,,,,
Mosyle,mosyle.com,Apache,23.102.132.77,Microsoft,google,,,,,,
SafetyWing,safetywing.com,nginx,34.110.196.95,Google,google,,,,,,
Forge Biologics,forgebiologics.com,,,Hetzner,outlook,,,,,,
Source,zeromasswater.com,,,Hetzner,ppe-hosted,,,,,,
Statsig,statsig.com,istio-envoy,40.125.127.28,Microsoft,outlook,,,,,,
Meter,meter.com,,52.25.204.60,"Amazon.com,",google,,,,,,
Syntiant,syntiant.com,Pepyaka/1.19.10,151.101.21.84,"Fastly,",google,,,,,,
ComboCurve,combocurve.com,cloudflare,141.193.213.11,Cloudflare,outlook,,,,,,
TruckSmarter,trucksmarter.com,,52.11.45.250,"Amazon.com,",google,,,,,,
Nymbl Science,nymblscience.com,nginx,192.0.78.25,"Automattic,",google,,,,,,
Zilliz,zilliz.com,nginx/1.17.10,99.83.204.24,"Amazon.com,",google,,,,,,
Isovalent,isovalent.com,GatsbyHosting,199.232.194.22,"Fastly,",google,,,,,,
Noodle.ai,noodle.ai,GatsbyHosting,199.232.194.22,"Fastly,",outlook,,,,,,
Instabug,instabug.com,,34.209.167.56,"Amazon.com,",google,,,,,,
Twingate,twingate.com,Netlify,54.176.41.87,"Amazon.com,",google,,,,,,
Tenovos,tenovos.com,,,Hetzner,google,,,,,,
Submittable,submittable.com,Netlify,35.247.66.204,Google,google,,,,,,
Elevate K-12,elevatek12.com,cloudflare,141.193.213.20,Cloudflare,outlook,,,,,,
Purple Lab,purplelab.com,nginx,35.223.245.7,Google,google,,,,,,
FlexGen,flexgen.com,cloudflare,104.21.16.84,"Cloudflare,",outlook,,,,,,
Eclypsium,eclypsium.com,,151.101.65.195,"Fastly,",google,,,,,,
Teamworks,teamworks.com,,,Hetzner,google,,,,,,
Florence Healthcare,florencehc.com,nginx,18.161.6.114,"Amazon.com,",google,,,,,,
RentSpree,rentspree.com,cloudflare,172.67.72.57,"Cloudflare,",google,,,,,,
Lumafield,lumafield.com,Vercel,76.76.21.21,"Amazon.com,",google,,,,,,
Echodyne,echodyne.com,cloudflare,172.67.72.78,"Cloudflare,",outlook,,,,,,
AppViewX,appviewx.com,cloudflare,104.18.11.82,"Cloudflare,",google,,,,,,
Visby Medical,visbymedical.com,AmazonS3,99.84.66.34,"Amazon.com,",google,,,,,,
MANTA,getmanta.com,cloudflare,199.60.103.186,Cloudflare,google,,,,,,
Spectro Cloud,spectrocloud.com,AmazonS3,204.246.191.74,"Amazon.com,",google,,,,,,
QuotaPath,quotapath.com,Vercel,76.76.21.21,"Amazon.com,",google,,,,,,
Rivery.io,rivery.io,cloudflare,141.193.213.10,Cloudflare,google,,,,,,
New York Shipping Exchange,nyshex.com,,,Hetzner,mimecast,,,,,,
Xage Security,xage.com,nginx,35.196.104.31,Google,google,,,,,,
Incredible Health,incrediblehealth.com,cloudflare,104.26.15.153,"Cloudflare,",google,,,,,,
LottieFiles,lottiefiles.com,cloudflare,172.64.151.115,"Cloudflare,",google,,,,,,
Whistic,whistic.com,cloudflare,199.60.103.226,Cloudflare,google,,,,,,
DigiLens,digilens.com,Apache/2.4.41 (Ubuntu),54.190.208.174,"Amazon.com,",outlook,,,,,,
Ledger Investing,ledgerinvesting.com,Vercel,76.76.21.21,"Amazon.com,",google,,,,,,
Arable,arable.com,nginx,23.185.0.2,"Fastly,",google,,,,,,
WeaveGrid,weavegrid.com,,52.11.45.250,"Amazon.com,",google,,,,,,
ThriveFantasy,thrivefantasy.com,cloudflare,104.18.35.126,"Cloudflare,",google,,,,,,
TaskHuman,taskhuman.com,nginx,35.202.119.152,Google,google,,,,,,
Mindful Care,mindful.care,cloudflare,172.67.140.195,"Cloudflare,",outlook,,,,,,
VulcanForms,vulcanforms.com,,34.209.167.56,"Amazon.com,",ppe-hosted,,,,,,
Cap Hill Brands,caphillbrands.com,,52.25.204.60,"Amazon.com,",google,,,,,,
SamCart,samcart.com,cloudflare,141.193.213.11,Cloudflare,google,,,,,,
SitePro,sitepro.com,cloudflare,199.60.103.254,Cloudflare,google,,,,,,
ETON Solutions,eton-solutions.com,cloudflare,141.193.213.11,Cloudflare,outlook,,,,,,
Axio,axio.com,cloudflare,104.26.14.224,"Cloudflare,",outlook,,,,,,
Burrow,burrow.com,cloudflare,172.66.40.81,"Cloudflare,",outlook,,,,,,
Pattern Brands,patternbrands.com,cloudflare,23.227.38.65,"Cloudflare,",google,,,,,,
Natural Fiber Welding,naturalfiberwelding.com,cloudflare,199.60.103.254,Cloudflare,outlook,,,,,,
Airspace,airspace.com,cloudflare,199.60.103.2,Cloudflare,google,,,,,,
Brightside Health,brightside.com,cloudflare,141.193.213.21,Cloudflare,arsmtp,,,,,,
Mendel.ai,mendel.ai,,34.209.167.56,"Amazon.com,",google,,,,,,
DoraHacks,dorahacks.com,,,Hetzner,google,,,,,,
Orna Therapeutics,ornatx.com,,,Hetzner,mimecast,,,,,,
ShiftLeft,shiftleft.io,,,Hetzner,google,,,,,,
Ever/Body,everbody.com,cloudflare,104.21.21.33,"Cloudflare,",google,,,,,,
Bark Technologies,bark.us,Apache,35.153.120.218,"Amazon.com,",google,,,,,,
Galvanize Therapeutics,galvanizetx.com,cloudflare,160.153.0.10,Cloudflare,,,,,,,
Eleanor Health,eleanorhealth.com,cloudflare,141.193.213.11,Cloudflare,google,,,,,,
Fernish,fernish.com,,18.161.6.116,"Amazon.com,",google,,,,,,
Autobooks,autobooks.co,cloudflare,199.60.103.31,Cloudflare,outlook,,,,,,
InfStones,infstones.com,nginx/1.18.0 (Ubuntu),54.144.40.177,"Amazon.com,",google,,,,,,
LifeMine Therapeutics,lifeminetx.com,cloudflare,162.159.135.42,"Cloudflare,",mimecast,,,,,,
RealWear,realwear.com,cloudflare,104.22.4.184,"Cloudflare,",outlook,,,,,,
Optimal Dynamics,optimaldynamics.com,,34.209.167.56,"Amazon.com,",google,,,,,,
Ethena,goethena.com,Apache/2.4.54 (Debian),44.214.176.141,"Amazon.com,",google,,,,,,
Vytalize Health,vytalizehealth.com,,,Hetzner,outlook,,,,,,
Osmind,osmind.org,,34.209.167.56,"Amazon.com,",google,,,,,,
Ascend.io,ascend.io,,,Hetzner,google,,,,,,
SiLC Technologies,silc.com,Flywheel/5.1.0,151.101.66.159,"Fastly,",outlook,,,,,,
Sovrn,sovrn.com,cloudflare,141.193.213.10,Cloudflare,google,,,,,,
MycoTechnology,mycotechcorp.com,,,Hetzner,barracudanetworks,,,,,,
Oliver Space,oliver.space,cloudflare,172.67.138.91,"Cloudflare,",google,,,,,,
AgroSpheres,agrospheres.com,,52.25.204.60,"Amazon.com,",google,,,,,,
Shyft,shyftmoving.com,,52.25.204.60,"Amazon.com,",google,,,,,,
Dandelion Energy,dandelionenergy.com,Apache/2.4.41 (Ubuntu),161.35.14.150,"DigitalOcean,",google,,,,,,
Dusty Robotics,dustyrobotics.com,,52.25.204.60,"Amazon.com,",google,,,,,,
Gusto,gusto.com,cloudflare,172.64.154.69,"Cloudflare,",google,,,,,,
Menusifu,menusifu.com,,,Hetzner,google,,,,,,
UrbanFootprint,urbanfootprint.com,nginx,104.196.225.196,Google,google,,,,,,
Ossio,ossio.io,nginx,198.211.105.61,"DigitalOcean,",outlook,,,,,,
Kangarootime,kangarootime.com,LiteSpeed,67.202.92.31,K,outlook,,,,,Ltd.,
Glowforge,glowforge.com,,99.86.38.122,"Amazon.com,",google,,,,,,
Superb AI,superb-ai.com,Vercel,76.76.21.21,"Amazon.com,",google,,,,,,
Nursa,nursa.com,,45.60.241.199,Incapsula,google,,,,,,
Litmus Automation,litmus.io,cloudflare,104.18.2.37,"Cloudflare,",outlook,,,,,,
Unlearn.AI,unlearn.ai,,34.209.167.56,"Amazon.com,",google,,,,,,
ALICE Technologies,alicetechnologies.com,cloudflare,199.60.103.28,Cloudflare,google,,,,,,
Vontive,vontive.com,,52.25.204.60,"Amazon.com,",google,,,,,,
Well,well.co,cloudflare,141.193.213.10,Cloudflare,google,,,,,,
Seclore,seclore.com,Sucuri/Cloudproxy,192.124.249.53,Sucuri,outlook,,,,,,
InsideTracker,insidetracker.com,,13.107.237.70,Microsoft,google,,,,,,
Yamibuy,yamibuy.com,openresty,44.224.208.189,"Amazon.com,",google,,,,,,
Crunchbase,crunchbase.com,cloudflare,104.22.63.68,"Cloudflare,",google,,,,,,
Sigmoid,sigmoid.com,cloudflare,104.21.74.199,"Cloudflare,",google,,,,,,
Docker,docker.com,cloudflare,141.193.213.20,Cloudflare,google,,,,,,
Activ Surgical,activsurgical.com,nginx,35.227.145.165,Google,arsmtp.com,,,,,,
Open Raven,openraven.com,,52.11.45.250,"Amazon.com,",google,,,,,,
Recurve,recurve.com,,34.209.167.56,"Amazon.com,",google,,,,,,
Prosimo,prosimo.io,Flywheel/5.1.0,151.101.194.159,"Fastly,",google,,,,,,
ACELYRIN,acelyrin.com,nginx,52.142.5.13,Microsoft,outlook,,,,,,
Aquabyte,aquabyte.ai,nginx-rc,164.90.206.202,"DigitalOcean,",google,,,,,,
Parler,parler.com,nginx/1.23.1,199.231.234.154,Parlement,outlook,,,,,,
AmazeVR,amazevr.com,Squarespace,198.49.23.144,"Squarespace,",google,,,,,,
Arine,arine.io,,,Hetzner,google,,,,,,
Fortress Information Security,fortressinfosec.com,cloudflare,199.60.103.31,Cloudflare,outlook,,,,,,
Raptor Maps,raptormaps.com,cloudflare,141.193.213.11,Cloudflare,google,,,,,,
Zap Energy,zapenergyinc.com,,,Hetzner,ppe-hosted,,,,,,
Talkiatry,talkiatry.com,,34.209.167.56,"Amazon.com,",outlook,,,,,,
Fetcher,fetcher.ai,,,Hetzner,google,,,,,,
LiveView Technologies,lvt.com,,34.209.167.56,"Amazon.com,",google,,,,,,
Kasisto,kasisto.com,nginx,104.196.70.215,Google,google,,,,,,
WiredScore,wiredscore.com,cloudflare,141.193.213.21,Cloudflare,google,,,,,,
SupplyPike,supplypike.com,,,Hetzner,google,,,,,,
Joonko,joonko.co,AmazonS3,99.84.66.102,"Amazon.com,",google,,,,,,
Nava,nava.io,,,Hetzner,google,,,,,,
Stratifyd,stratifyd.com,,52.11.45.250,"Amazon.com,",outlook,,,,,,
Cordial,cordial.com,,,Hetzner,google,,,,,,
MixMode,mixmode.ai,,,Hetzner,google,,,,,,
LucidLink,lucidlink.com,Apache/2.4.54 (Ubuntu),34.206.192.164,"Amazon.com,",google,,,,,,
Mint House,minthouse.com,cloudflare,162.159.135.42,"Cloudflare,",google,,,,,,
Prizeout,prizeout.com,cloudflare,104.22.34.190,"Cloudflare,",google,,,,,,
ChargeAfter,chargeafter.com,nginx,35.185.200.47,Google,google,,,,,,
LineVision,linevisioninc.com,,34.209.167.56,"Amazon.com,",google,,,,,,
AutoRABIT,autorabit.com,,,Hetzner,outlook,,,,,,
Theta Lake,thetalake.com,nginx,18.144.77.46,"Amazon.com,",google,,,,,,
Full Harvest,fullharvest.com,cloudflare,199.60.103.2,Cloudflare,google,,,,,,
AccelByte,accelbyte.net,,,Hetzner,google,,,,,,
Lily AI,lily.ai,cloudflare,141.193.213.21,Cloudflare,google,,,,,,
Poplar Homes,poplarhomes.com,nginx/1.14.2,54.215.232.214,"Amazon.com,",google,,,,,,
StrongArm Tech,strongarmtech.com,nginx,138.197.53.149,"DigitalOcean,",google,,,,,,
Little Leaf Farms,littleleaffarms.com,LiteSpeed,66.115.171.6,Performive,barracudanetworks,,,,,,
BlueOcean,blueocean.ai,nginx/1.21.6,173.254.69.221,Unified,google,,,,,,
Home365,home365.co,Apache,3.219.175.102,"Amazon.com,",google,,,,,,
Legacy,givelegacy.com,nginx,3.132.166.52,"Amazon.com,",google,,,,,,
Doorstead,doorstead.com,cloudflare,104.26.1.65,"Cloudflare,",google,,,,,,
Wahed Invest,wahedinvest.com,,,Hetzner,google,,,,,,
Spruce,getspruce.com,cloudflare,141.193.213.11,Cloudflare,google,,,,,,
Aspen Neuroscience,aspenneuro.com,openresty,34.102.136.180,Google,barracudanetworks,,,,,,
GridX,gridx.com,nginx,104.154.28.173,Google,google,,,,,,
FORT Robotics,fortrobotics.com,cloudflare,199.60.103.228,Cloudflare,google,,,,,,
skan.ai,skan.ai,,,Hetzner,outlook,,,,,,
JobGet,jobget.com,nginx/1.23.3,52.71.2.194,"Amazon.com,",google,,,,,,
Reciprocity,reciprocitylabs.com,,,Hetzner,google,,,,,,
StackHawk,stackhawk.com,,,Hetzner,google,,,,,,
RayzeBio,rayzebio.com,Apache,66.180.64.220,Blueshift,ppe-hosted,,,,,Inc.,
OvationCXM,ovationcxm.com,,,Hetzner,google,,,,,,
CAMP4 Therapeutics,camp4tx.com,Flywheel/5.1.0,151.101.2.159,"Fastly,",mimecast,,,,,,
Celsius Therapeutics,celsiustx.com,cloudflare,141.193.213.11,Cloudflare,mimecast,,,,,,
FarmWise,farmwise.io,,54.183.137.146,"Amazon.com,",google,,,,,,
Landis,landis.com,AmazonS3,204.246.191.78,"Amazon.com,",google,,,,,,
ZEDEDA,zededa.com,cloudflare,141.193.213.21,Cloudflare,google,,,,,,
Magic Eden,magiceden.io,cloudflare,104.18.17.187,"Cloudflare,",Mxrecord.io,,,,,,
BlockApps,blockapps.net,cloudflare,104.21.28.85,"Cloudflare,",google,,,,,,
Vendia,vendia.net,,,Hetzner,google,,,,,,
Terabase Energy,terabase.energy,,52.25.204.60,"Amazon.com,",outlook,,,,,,
Rivet,rivet.gg,,,Hetzner,google,,,,,,
Senda Biosciences,sendabiosciences.com,,,Hetzner,mimecast,,,,,,
CEIPAL,ceipal.com,nginx,34.173.127.233,Google,google,,,,,,
VectorBuilder,vectorbuilder.com,,76.223.29.72,"Amazon.com,",google,,,,,,
Covr Financial Technologies,covrtech.com,cloudflare,141.193.213.21,Cloudflare,outlook,,,,,,
Mirvie,mirvie.com,,34.209.167.56,"Amazon.com,",google,,,,,,
Strider Technologies,striderintel.com,Sucuri/Cloudproxy,192.124.249.129,Sucuri,outlook,,,,,,
Merge,merge.dev,,,Hetzner,google,,,,,,
Abacus Insights,abacusinsights.com,,,Hetzner,outlook,,,,,,
Music Audience Exchange,max.live,cloudflare,199.60.103.31,Cloudflare,google,,,,,,
METiS Therapeutics,metistx.com,Pepyaka/1.19.10,34.149.87.45,Google,ppe-hosted,,,,,,
Gardyn,mygardyn.com,cloudflare,104.26.0.188,"Cloudflare,",google,,,,,,
Reveleer,healthdatavision.com,,,Hetzner,outlook,,,,,,
Ergeon,ergeon.com,AmazonS3,99.84.66.2,"Amazon.com,",google,,,,,,
Enko Chem,enkochem.com,nginx/1.18.0 (Ubuntu),3.75.104.27,"Amazon.com,",cbtechgroup,,,,,,
TriSalus Life Sciences,surefiremedical.com,,,Hetzner,outlook,,,,,,
Moxe Health,moxehealth.com,LiteSpeed,3.208.135.31,"Amazon.com,",google,,,,,,
FalconX,falconx.io,,52.11.45.250,"Amazon.com,",Mxrecord.io,,,,,,
SignalWire,signalwire.com,nginx,35.193.31.115,Google,google,,,,,,
JenaValve Technology,jenavalve.com,,,Hetzner,outlook,,,,,,
Wildcat Discovery Technologies,wildcatdiscovery.com,nginx,137.184.179.7,"DigitalOcean,",ppe-hosted,,,,,,
Shoreline,shoreline.io,,34.209.167.56,"Amazon.com,",google,,,,,,
Higg Co,higg.com,cloudflare,141.193.213.10,Cloudflare,google,,,,,,
Future Family,futurefamily.com,AmazonS3,204.246.191.43,"Amazon.com,",google,,,,,,
TransfrVR,transfrvr.com,,,Hetzner,google,,,,,,
Cybrary,cybrary.it,AmazonS3,18.161.6.95,"Amazon.com,",google,,,,,,
Dispatch,dispatchwithus.com,,,Hetzner,google,,,,,,
Pure Watercraft,purewatercraft.com,,,Hetzner,google,,,,,,
MyCarrier,go.mycarrier.io,,,Hetzner,,,,,,,
SingleOps,singleops.com,nginx,104.196.28.63,Google,google,,,,,,
Leaf Trade,leaftrade.com,,,Hetzner,google,,,,,,
Hunt Club,huntclub.com,cloudflare,199.60.103.227,Cloudflare,google,,,,,,
TokenEx,tokenex.com,cloudflare,141.193.213.10,Cloudflare,outlook,,,,,,
Enervee,enervee.com,,52.25.204.60,"Amazon.com,",google,,,,,,
NorthOne,northone.com,nginx/1.23.3,52.15.206.155,"Amazon.com,",google,,,,,,
Data Gumbo,datagumbo.com,cloudflare,199.60.103.30,Cloudflare,google,,,,,,
Nucleus Security,nucleussec.com,,,Hetzner,outlook,,,,,,
Airspace Link,airspacelink.com,Netlify,75.2.60.5,"Amazon.com,",arsmtp,,,,,,
ForAllSecure,forallsecure.com,Google Frontend,34.117.45.43,Google,google,,,,,,
Candle Labs,candlelabs.org,Framer/1da0abb,52.223.52.2,"Amazon.com,",google,,,,,,
Prellis Biologics,prellisbio.com,,,Hetzner,google,,,,,,
Eclipse Foods,eclipsefoods.com,Squarespace,198.49.23.144,"Squarespace,",google,,,,,,
TrueBinding,truebinding.com,Squarespace,198.49.23.144,"Squarespace,",google,,,,,,
Tidio,tidio.net,,,Hetzner,google,,,,,,
Verkada,verkada.com,cloudflare,104.22.13.102,"Cloudflare,",google,,,,,,
HowGood,howgood.com,cloudflare,104.26.2.126,"Cloudflare,",google,,,,,,
Rael,getrael.com,,,Hetzner,google,,,,,,
CreativeX,picassolabs.com,,,Hetzner,google,,,,,,
Soundstripe,soundstripe.com,cloudflare,199.60.103.2,Cloudflare,google,,,,,,
Rippling,rippling.com,Vercel,76.76.21.142,"Amazon.com,",google,,,,,,
Vita Therapeutics,vita-therapeutics.com,,,Hetzner,ppe-hosted,,,,,,
GoCo.io Inc,goco.io,nginx,157.230.226.109,"DigitalOcean,",google,,,,,,
Harness,harness.io,,52.11.45.250,"Amazon.com,",mimecast,,,,,,
Public Goods,publicgoods.com,cloudflare,23.227.38.74,"Cloudflare,",google,,,,,,
dotData,dotdata.com,nginx,35.193.212.84,Google,google,,,,,,
410 Medical,410medical.com,nginx,34.206.18.87,"Amazon.com,",google,,,,,,
Anvilogic,anvilogic.com,,52.11.45.250,"Amazon.com,",google,,,,,,
Locus Biosciences,locus-bio.com,,,Hetzner,outlook,,,,,,
Ashvattha Therapeutics,ashvatthatherapeutics.com,,,Hetzner,outlook,,,,,,
L7 Informatics,l7informatics.com,Sucuri/Cloudproxy,192.124.249.57,Sucuri,google,,,,,,
Genetesis,genetesis.com,,34.209.167.56,"Amazon.com,",securence,,,,,,
BeeHero,beehero.io,,52.11.45.250,"Amazon.com,",google,,,,,,
ZenLedger,zenledger.io,,52.25.204.60,"Amazon.com,",google,,,,,,
Form Energy,formenergy.com,,,Hetzner,google,,,,,,
Arzeda,arzeda.com,cloudflare,141.193.213.21,Cloudflare,outlook,,,,,,
Qloo,qloo.com,Netlify,104.198.14.52,Google,google,,,,,,
Soft Robotics,softroboticsinc.com,nginx,104.198.14.88,Google,google,,,,,,
Elucid,elucidbio.com,,,Hetzner,,,,,,,
Retool,retool.com,Vercel,76.76.21.21,"Amazon.com,",google,,,,,,
HireArt,hireart.com,,34.209.167.56,"Amazon.com,",google,,,,,,
MicroTransponder,microtransponder.com,nginx,23.185.0.3,"Fastly,",google,,,,,,
Movellus,movellus.com,nginx,35.226.133.80,Google,google,,,,,,
Notable Labs,notablelabs.com,nginx,104.154.118.233,Google,outlook,,,,,,
MedTrainer,medtrainer.com,LiteSpeed,185.214.132.81,Hostinger,google,,,,,,
CHAMPtitles,champtitles.com,cloudflare,160.153.0.91,Cloudflare,outlook,,,,,,
Convoy,convoy.com,cloudflare,141.193.213.10,Cloudflare,google,,,,,,
Vitara Biomedical,vitara.com,Squarespace,198.185.159.144,"Squarespace,",mimecast,,,,,,
Bravo Sierra,bravosierra.com,cloudflare,23.227.38.74,"Cloudflare,",google,,,,,,
Tally,meettally.com,nginx/1.20.2,18.223.19.166,"Amazon.com,",google,,,,,,
Neat Capital,neatcapital.com,,52.25.204.60,"Amazon.com,",google,,,,,,
Iontra,iontra.com,,,Hetzner,outlook,,,,,,
Oyster,withoyster.com,,34.209.167.56,"Amazon.com,",google,,,,,,
Boulder Care,boulder.care,,34.209.167.56,"Amazon.com,",google,,,,,,
Be Biopharma,bebiopharma.com,,,Hetzner,mimecast,,,,,,
Nisos,nisos.com,cloudflare,162.159.134.42,"Cloudflare,",google,,,,,,
Careviso,covermytest.com,,,Hetzner,outlook,,,,,,
Javara Research,javararesearch.com,cloudflare,162.159.135.42,"Cloudflare,",outlook,,,,,,
Code Ocean,codeocean.com,nginx,18.161.6.99,"Amazon.com,",google,,,,,,
Redesign Health,redesignhealth.com,AmazonS3,18.161.6.24,"Amazon.com,",mimecast,,,,,,
Kyte,drivekyte.com,,,Hetzner,google,,,,,,
Alzheon,doe.com,,,Hetzner,doe.com,,,,,,
Inspirna,inspirna.com,cloudflare,160.153.0.186,Cloudflare,ppe-hosted,,,,,,
FundGuard,fundguard.com,nginx,35.188.91.53,Google,google,,,,,,
WizeHire,wizehire.com,nginx,198.58.122.24,Akamai,google,,,,,,
DefenseStorm,defensestorm.com,fbs,151.139.128.10,"StackPath,",outlook,,,,,,
INK Games,inkgames.com,,,Hetzner,google,,,,,,
Battle motors,gmail.com,,,Hetzner,google,,,,,,
iraLogix,iralogix.com,nginx,104.198.73.33,Google,outlook,,,,,,
Joywell Foods,joywellfoods.com,,,Hetzner,securence,,,,,,
Moleaer,moleaer.com,cloudflare,199.60.103.31,Cloudflare,outlook,,,,,,
WeTravel,wetravel.com,,35.169.229.152,"Amazon.com,",google,,,,,,
Homethrive,homethrive.com,cloudflare,199.60.103.228,Cloudflare,outlook,,,,,,
Monte Carlo,montecarlodata.com,cloudflare,141.193.213.10,Cloudflare,google,,,,,,
Cribl,cribl.io,nginx,99.84.66.70,"Amazon.com,",google,,,,,,
Journera,journera.com,Squarespace,198.185.159.145,"Squarespace,",google,,,,,,
Moximed,moximed.com,nginx,130.211.148.200,Google,outlook,,,,,,
ProofPilot,proofpilot.com,cloudflare,199.60.103.30,Cloudflare,outlook,,,,,,
Religion of Sports,religionofsports.com,nginx/1.21.6,50.87.223.105,Unified,ppe-hosted,,,,,,
Claravine,claravine.com,nginx,104.196.40.64,Google,google,,,,,,
Onda,drinkonda.com,cloudflare,23.227.38.65,"Cloudflare,",outlook,,,,,,
Point,point.com,,34.209.167.56,"Amazon.com,",google,,,,,,
Whatnot,whatnot.com,cloudflare,104.18.42.215,"Cloudflare,",google,,,,,,
Triplemint,triplemint.com,,,Hetzner,google,,,,,,
MoEngage,moengage.com,cloudflare,141.193.213.21,Cloudflare,google,,,,,,
Element5,e5.ai,,99.84.66.67,"Amazon.com,",google,,,,,,
Sionna Therapeutics,sionnatx.com,nginx,104.154.236.248,Google,mimecast,,,,,,
Viz,viz.ai,,52.11.45.250,"Amazon.com,",paubox,,,,,,
Shield AI,shield.ai,nginx,23.185.0.253,"Fastly,",office365,,,,,,
Ursa Space Systems,ursaspace.com,,,Hetzner,google,,,,,,
Carmot Therapeutics,carmot.us,,,Hetzner,google,,,,,,
Domuso,domuso.com,Squarespace,198.185.159.145,"Squarespace,",google,,,,,,
Green Revolution Cooling,grcooling.com,nginx,35.185.60.174,Google,google,,,,,,
Remote,remote.com,Vercel,76.76.21.21,"Amazon.com,",google,,,,,,
SmartX Technology Solutions,smartxadvisory.com,Apache,54.85.42.114,"Amazon.com,",google,,,,,,
Shop-Ware,shop-ware.com,,,Hetzner,google,,,,,,
XYZ Robotics,xyzrobotics.ai,cloudflare,104.21.50.130,"Cloudflare,",outlook,,,,,,
Playerâs Health,playershealth.com,,34.209.167.56,"Amazon.com,",playershealth,,,,,,
Modern Treasury,moderntreasury.com,Vercel,76.76.21.21,"Amazon.com,",google,,,,,,
APDS,apdscorporate.com,,,Hetzner,google,,,,,,
Upside,upside.com,,52.11.45.250,"Amazon.com,",google,,,,,,
Clerk,clerk.dev,Vercel,76.76.21.98,"Amazon.com,",google,,,,,,
Verana Networks,verananetworks.com,,198.71.233.100,"GoDaddy.com,",outlook,,,,,,
SeatGeek,seatgeek.com,openresty,151.101.130.133,"Fastly,",google,,,,,,
Groups360,groups360.com,cloudflare,141.193.213.20,Cloudflare,outlook,,,,,,
Iris Telehealth,iristelehealth.com,nginx,23.236.55.173,Google,outlook,,,,,,
Cerecin,cerecin.com,,99.83.230.219,"Amazon.com,",outlook,,,,,,
Generation Esports,generationesports.com,,,Hetzner,scanscope.net,,,,,,
Silent Falcon UAS Technologies,silentfalconuas.com,,,Hetzner,outlook,,,,,,
Structure Therapeutics,shoutipharma.com,,,Hetzner,outlook,,,,,,
Utility Global,utility.global,,,Hetzner,outlook,,,,,,
ClearTrace,cleartrace.io,,,Hetzner,google,,,,,,
Pave,pave.com,,52.11.45.250,"Amazon.com,",google,,,,,,
Mutiny,mutinyhq.com,Vercel,76.76.21.21,"Amazon.com,",google,,,,,,
Circ,tytonbio.com,,,Hetzner,,,,,,,
SprintRay,sprintray.com,cloudflare,172.66.40.107,"Cloudflare,",google,,,,,,
Grafana Labs,grafana.com,nginx/1.23.3,34.120.177.193,Google,google,,,,,,
Electric,electric.ai,cloudflare,162.159.134.42,"Cloudflare,",google,,,,,,
Anduril Industries,anduril.com,,,Hetzner,,,,,,,
Vergent Bioscience,vergentbio.com,,,Hetzner,outlook,,,,,,
Valitor,valitorbio.com,,,Hetzner,google,,,,,,
DermaSensor,dermasensor.com,,,Hetzner,google,,,,,,
Dedrone,dedrone.com,,34.209.167.56,"Amazon.com,",outlook,,,,,,
Sibel Health,sibelhealth.com,Squarespace,198.185.159.145,"Squarespace,",google,,,,,,
Keen Decision Systems,keends.com,nginx,216.92.77.61,pair,google,,,,,,
Covercress,covercress.com,Microsoft-IIS/10.0,3.209.60.167,"Amazon.com,",barracudanetworks,,,,,,
Halo Labs,halolabs.com,Apache,64.90.59.16,New,outlook,,,,,LLC,
Magnetic Insight,magneticinsight.com,Apache,208.73.201.59,"Interserver,",outlook,,,,,,
LambdaTest,lambdatest.com,cloudflare,104.18.4.65,"Cloudflare,",google,,,,,,
Immuta,immuta.com,cloudflare,141.193.213.20,Cloudflare,google,,,,,,
Pajarito Powder,pajaritopowder.com,nginx,146.148.92.162,Google,outlook,,,,,,
Sharper Shape,sharpershape.com,cloudflare,141.193.213.10,Cloudflare,google,,,,,,
Genies,genies.com,Netlify,75.2.60.5,"Amazon.com,",google,,,,,,
Materna Medical,maternamed.com,,,Hetzner,outlook,,,,,,
Evisort,evisort.com,,52.11.45.250,"Amazon.com,",google,,,,,,
ATLAS Space Operations,atlasground.com,,,Hetzner,google,,,,,,
Elevation,elevationenergysolutions.com,,,Hetzner,outlook,,,,,,
Avenda Health,avendahealth.com,,,Hetzner,google,,,,,,
Centerline Biomedical,centerlinebiomed.com,openresty,34.120.145.50,Google,,,,,,,
Wasabi Technologies,wasabi.com,,,Hetzner,outlook,,,,,,
OnCorps,oncorps.ai,,52.11.45.250,"Amazon.com,",google,,,,,,
Pawlicy Advisor,pawlicy.com,Vercel,76.76.21.21,"Amazon.com,",google,,,,,,
Alma,helloalma.com,Netlify,75.2.60.5,"Amazon.com,",google,,,,,,
Calyxo,calyxoinc.com,,,Hetzner,outlook,,,,,,
Decisio Health,decisiohealth.com,nginx,34.69.60.32,Google,google,,,,,,
Raven360,raven360.com,cloudflare,199.60.103.228,Cloudflare,google,,,,,,
Stord,stord.com,Vercel,76.76.21.21,"Amazon.com,",google,,,,,,
Glia,glia.com,,52.25.204.60,"Amazon.com,",google,,,,,,
Inari,inari.com,Netlify,75.2.60.5,"Amazon.com,",barracudanetworks,,,,,,
Folx Health,folxhealth.com,AmazonS3,18.161.6.112,"Amazon.com,",google,,,,,,
Boston Micro Fabrication,bmftec.com,,,Hetzner,outlook,,,,,,
OnPoint,onpoint-us.com,Apache,72.167.70.199,"GoDaddy.com,",outlook,,,,,,
Vibenomics,vibenomics.com,cloudflare,141.193.213.10,Cloudflare,google,,,,,,
Checkr,checkr.com,nginx,23.185.0.2,"Fastly,",pphosted,,,,,,
Invetx,invetx.com,,,Hetzner,ppe-hosted,,,,,,
Zenysis,zenysis.com,AmazonS3,18.161.6.109,"Amazon.com,",google,,,,,,
Rain,rain.us,,,Hetzner,google,,,,,,
VitalTech,vitaltech.com,nginx,192.0.78.188,"Automattic,",outlook,,,,,,
Fetch,fetchrewards.com,,,Hetzner,google,,,,,,
SwanBio Therapeutics,swanbiotx.com,nginx/1.23.4,192.145.234.17,InMotion,barracudanetworks,,,,,,
Mojo Vision,mojo.vision,Netlify,34.168.247.115,Google,,,,,,,
Aero,aero.com,Sucuri/Cloudproxy,192.124.249.54,Sucuri,google,,,,,,
Postscript,postscript.io,Netlify,99.83.231.61,"Amazon.com,",google,,,,,,
AltPep,altpep.com,cloudflare,141.193.213.10,Cloudflare,ppe-hosted,,,,,,
Singlera Genomics,singleragenomics.com,,,Hetzner,outlook,,,,,,
LandGate,petrovalues.com,,,Hetzner,google,,,,,,
Ablative Solutions,ablativesolutions.com,nginx,45.63.91.57,The,barracudanetworks,,,,,LLC,
Amaryllis Payment Solutions,amaryllispay.com,LiteSpeed,185.132.5.235,A2,outlook,,,,,,
Crusoe Energy Systems,crusoeenergy.com,AmazonS3,18.161.6.98,"Amazon.com,",mimecast,,,,,,
DocSpera,docspera.com,AmazonS3,54.213.95.128,"Amazon.com,",google,,,,,,
Elektrofi,elektrofi.com,Squarespace,198.49.23.145,"Squarespace,",outlook,,,,,,
Open Book Extracts,openbookextracts.com,cloudflare,104.26.14.176,"Cloudflare,",google,,,,,,
Levita Magnetics,levitamag.com,,,Hetzner,channels.net,,,,,,
Altana AI,altana.ai,Vercel,76.76.21.21,"Amazon.com,",google,,,,,,
"Ekalavya Hansaj, Inc.",ekalavyahansaj.com,,,Hetzner,google,,,,,,
ScotchPorter,scotchporter.com,cloudflare,23.227.38.74,"Cloudflare,",outlook,,,,,,
Amberdata,amberdata.io,cloudflare,199.60.103.28,Cloudflare,google,,,,,,
Vendr,vendr.com,,52.25.204.60,"Amazon.com,",google,,,,,,
Innago - Property Management Software,innago.com,,,Hetzner,outlook,,,,,,
Fictiv,fictiv.com,cloudflare,104.21.72.139,"Cloudflare,",google,,,,,,
Flatfile,flatfile.com,GatsbyHosting,199.232.194.22,"Fastly,",google,,,,,,
Rapid,rapidapi.com,cloudflare,172.66.42.232,"Cloudflare,",google,,,,,,
Token,tokenize.com,,,Hetzner,outlook,,,,,,
NexHealth,nexhealth.com,,52.11.45.250,"Amazon.com,",google,,,,,,
Upward Health,upwardhealth.com,Sucuri/Cloudproxy,192.124.249.125,Sucuri,outlook,,,,,,
Pearlx Infrastructure,pearlx.com,nginx,3.97.184.250,"Amazon.com,",google,,,,,,
Medallion,medallion.co,,212.2.243.166,Civo,google,,,,,,
Kindertales,kindertales.com,cloudflare,199.60.103.225,Cloudflare,google,,,,,,
Elation Health,elationhealth.com,cloudflare,204.246.191.40,"Amazon.com,",google,,,,,,
Sitetracker,sitetracker.com,nginx,23.185.0.2,"Fastly,",google,,,,,,
Pachama,pachama.com,cloudflare,141.193.213.21,Cloudflare,google,,,,,,
AlphaSense,alpha-sense.com,cloudflare,141.193.213.21,Cloudflare,google,,,,,,
Ojjo,ojjo.com,Squarespace,198.49.23.145,"Squarespace,",outlook,,,,,,
Afresh,afresh.com,,52.11.45.250,"Amazon.com,",google,,,,,,
Sentry,sentry.io,,,Hetzner,google,,,,,,
Workstream,workstream.us,,18.161.6.112,"Amazon.com,",google,,,,,,
PayCargo,paycargo.com,cloudflare,141.193.213.20,Cloudflare,outlook,,,,,,
Bainbridge Health,bainbridgehealth.com,cloudflare,199.60.103.2,Cloudflare,google,,,,,,
ILiAD Biotechnologies,iliadbio.com,Apache,107.180.56.177,"GoDaddy.com,",google,,,,,,
BigPanda,bigpanda.io,cloudflare,141.193.213.10,Cloudflare,google,,,,,,
Observe.AI,observe.ai,,52.11.45.250,"Amazon.com,",google,,,,,,
Landing,hellolanding.com,cloudflare,172.67.68.11,"Cloudflare,",google,,,,,,
Frontera Therapeutics,fronteratherapeutics.com,Apache,34.230.163.125,"Amazon.com,",ppe-hosted,,,,,,
BridGene Biosciences,bridgenebiosciences.com,,,Hetzner,zoho,,,,,,
VTS,vts.com,cloudflare,151.101.22.49,"Fastly,",google,,,,,,
Preply,preply.com,cloudflare,104.18.21.180,"Cloudflare,",google,,,,,,
Truework,truework.com,Netlify,99.84.66.49,"Amazon.com,",google,,,,,,
AccessFintech,accessfintech.com,Apache,89.187.85.19,Coreix,outlook,,,,,,
OpenSpace,openspace.ai,nginx,23.185.0.4,"Fastly,",google,,,,,,
Clarke Valve,clarkeindustrialengineering.com,,,Hetzner,clarkeindustria  engineering,,,,,,
InsurePay,insurepay.com,,,Hetzner,outlook,,,,,,
seqWell,seqwell.com,,,Hetzner,google,,,,,,
Vyriad,vyriad.com,Flywheel/5.1.0,151.101.2.159,"Fastly,",outlook,,,,,,
Imply,imply.io,nginx,34.121.120.87,Google,google,,,,,,
Green Theme Technologies,greenthemetek.com,openresty,192.169.223.13,"GoDaddy.com,",google,,,,,,
Veza,veza.com,cloudflare,172.67.165.211,"Cloudflare,",google,,,,,,
Housecall Pro,housecallpro.com,CloudFront,204.246.191.39,"Amazon.com,",google,,,,,,
Gorgias,gorgias.com,,52.25.204.60,"Amazon.com,",google,,,,,,
Aledade,aledade.com,nginx,23.185.0.3,"Fastly,",google,,,,,,
LetsGetChecked,letsgetchecked.com,AmazonS3,99.84.66.110,"Amazon.com,",google,,,,,,
Zesty.ai,zesty.ai,Apache,199.115.124.219,Ecritel,google,,,,,,
ZylÃ¶ Therapeutics,zylotherapeutics.com,Pepyaka/1.19.10,34.149.87.45,Google,outlook,,,,,,
Overtime,itsovertime.com,,18.161.6.27,"Amazon.com,",google,,,,,,
Nightfall AI,nightfall.ai,,52.11.45.250,"Amazon.com,",google,,,,,,
Lucid Green,lucid-id.com,nginx,75.2.115.196,"Amazon.com,",,,,,,,
Firstbase,firstbase.com,,34.209.167.56,"Amazon.com,",google,,,,,,
FreeWire Technologies,freewiretech.com,cloudflare,141.193.213.11,Cloudflare,google,,,,,,
VidMob,vidmob.com,nginx,34.134.137.167,Google,google,,,,,,
HomeLight,homelight.com,Cowboy,151.101.22.132,"Fastly,",google,,,,,,
Solidus Labs,soliduslabs.com,,34.209.167.56,"Amazon.com,",google,,,,,,
Accelus,accelusinc.com,Apache,162.217.150.79,SD,arsmtp,,,,,,
Belong,belonghome.com,Vercel,76.76.21.21,"Amazon.com,",google,,,,,,
Jeeves,tryjeeves.com,,34.209.167.56,"Amazon.com,",google,,,,,,
Messari,messari.io,cloudflare,104.18.7.70,"Cloudflare,",google,,,,,,
Gloat,gloat.com,cloudflare,141.193.213.20,Cloudflare,google,,,,,,
Cista,cistadesign.com,Microsoft-IIS/10.0,216.69.141.67,"GoDaddy.com,",outlook,,,,,,
CertiK,certik.com,Vercel,76.76.21.21,"Amazon.com,",google,,,,,,
LinkSquares,linksquares.com,cloudflare,162.159.135.42,"Cloudflare,",google,,,,,,
Curebase,curebase.com,,52.11.45.250,"Amazon.com,",google,,,,,,
GlossGenius,glossgenius.com,,18.161.6.53,"Amazon.com,",google,,,,,,
Metalenz,metalenz.com,nginx,23.185.0.3,"Fastly,",outlook,,,,,,
Mainspring Energy,mainspringenergy.com,Netlify,35.247.66.204,Google,google,,,,,,
Reify Health,reifyhealth.com,,52.11.45.250,"Amazon.com,",google,,,,,,
Caribou,gocaribou.com,Vercel,76.76.21.21,"Amazon.com,",google,,,,,,
fftest-lisa,15five.com,cloudflare,141.193.213.21,Cloudflare,google,,,,,,
Retia Medical,retiamedical.com,Apache,69.163.144.202,New,outlook,,,,,LLC,
Cassia Networks,cassianetworks.com,nginx,104.198.254.120,Google,,,,,,,
Flip,flip.shop,,34.223.162.241,"Amazon.com,",google,,,,,,
Sonde Health,sondehealth.com,Squarespace,198.185.159.145,"Squarespace,",outlook,,,,,,
NetQub,netqub.com,LiteSpeed,52.25.252.101,"Amazon.com,",google,,,,,,
Coralogix,coralogix.com,cloudflare,104.18.11.234,"Cloudflare,",google,,,,,,
Delfi Diagnostics,delfidiagnostics.com,nginx,143.198.65.64,"DigitalOcean,",arsmtp,,,,,,
Fashinza,fashinza.com,nginx/1.18.0 (Ubuntu),13.232.80.3,"Amazon.com,",google,,,,,,
WorkRamp,workramp.com,nginx,35.239.47.170,Google,google,,,,,,
Openly,openly.com,cloudflare,199.60.103.109,Cloudflare,google,,,,,,
NextBillion,gmail.com,,,Hetzner,google,,,,,,
Booster,trybooster.com,,,Hetzner,google,,,,,,
Mosaic.tech,mosaic.tech,Vercel,76.76.21.21,"Amazon.com,",google,,,,,,
Onfleet,onfleet.com,nginx/1.14.0 (Ubuntu),52.201.115.220,"Amazon.com,",google,,,,,,
Vessel,vesselhealth.com,,,Hetzner,google,,,,,,
Astatech,astatechinc.com,Apache/2.2.15 (CentOS),104.130.26.101,Rackspace,outlook,,,,,,
Appsmith,appsmith.com,Vercel,76.76.21.21,"Amazon.com,",google,,,,,,
Prisma,prisma.io,,,Hetzner,google,,,,,,
Trovata,trovata.io,nginx/1.22.1,44.234.223.86,"Amazon.com,",google,,,,,,
Spine BioPharma,spinebiopharma.com,,,Hetzner,,,,,,,
Incyclix Bio,incyclixbio.com,nginx,104.196.12.201,Google,outlook,,,,,,
Material Security,material.security,,,Hetzner,google,,,,,,
Conversica,conversica.com,cloudflare,141.193.213.21,Cloudflare,google,,,,,,
Accern,accern.com,,,Hetzner,google,,,,,,
tZERO,tzero.com,cloudflare,104.18.185.23,"Cloudflare,",google,,,,,,
Scratchpay,scratchpay.com,cloudflare,104.22.36.117,"Cloudflare,",google,,,,,,
Luxury Presence,luxurypresence.com,,,Hetzner,google,,,,,,
BoostUp.ai,boostup.ai,cloudflare,199.60.103.225,Cloudflare,google,,,,,,
Sharebite,sharebite.com,AmazonS3,99.84.66.88,"Amazon.com,",google,,,,,,
DoControl,docontrol.io,,34.209.167.56,"Amazon.com,",google,,,,,,
Regenacy Pharmaceuticals,regenacy.com,Squarespace,198.185.159.144,"Squarespace,",outlook,,,,,,
Persistent Energy Partners,persistentenergypartners.com,,,Hetzner,,,,,,,
Equalum,equalum.io,nginx,161.35.215.102,"DigitalOcean,",google,,,,,,
Naurex,naurex.com,,,Hetzner,mxlogic,,,,,,
Tesorio,tesorio.com,nginx,18.161.6.38,"Amazon.com,",google,,,,,,
BloXroute Labs,bloxroute.com,,,Hetzner,google,,,,,,
AgencyKPI,agencykpi.com,Squarespace,198.185.159.145,"Squarespace,",arsmtp,,,,,,
Own Up,ownup.com,Netlify,34.105.68.244,Google,google,,,,,,
SmartHop,smarthop.co,,,Hetzner,google,,,,,,
JOBOX.ai,jobox.ai,,,Hetzner,google,,,,,,
Beilai Bio,baylxinc.com,Pepyaka/1.19.10,34.149.87.45,Google,google,,,,,,
Kafene,kafene.com,cloudflare,104.21.46.126,"Cloudflare,",google,,,,,,
Lindy Biosciences,lindybio.com,Pepyaka/1.19.10,34.149.87.45,Google,outlook,,,,,,
Light Field Lab,lightfieldlab.com,,52.25.204.60,"Amazon.com,",outlook,,,,,,
Guard Medical,guard-medical.com,,,Hetzner,barracudanetworks,,,,,,
Upfront Healthcare Services,upfronthealthcare.com,cloudflare,141.193.213.21,Cloudflare,outlook,,,,,,
Socially Determined,sociallydetermined.com,cloudflare,199.60.103.31,Cloudflare,outlook,,,,,,
Frontdesk,stayfrontdesk.com,Cowboy,18.205.36.100,"Amazon.com,",google,,,,,,
Octet Medical,octetmedical.com,,199.15.163.138,Wix.com,ppe-hosted,,,,,,
Sonomotion,sonomotion.com,Apache,208.113.216.16,New,Channels.net,,,,,LLC,
Momnt,momnt.com,Apache/2.4.41 (Ubuntu),34.194.221.222,"Amazon.com,",google,,,,,,
REVA Medical,revamedical.com,nginx,35.185.15.10,Google,outlook,,,,,,
Carlsmed,carlsmed.com,Sucuri/Cloudproxy,192.124.249.68,Sucuri,outlook,,,,,,
Phraxis,phraxis.com,DPS/2.0.0-beta+sha-7828e72,76.223.105.230,"Amazon.com,",,,,,,,
DuraStat,durastat.com,Apache,52.119.45.92,Fused,outlook,,,,,,
TenNor Therapeutics,tennorx.com,F-WEB,23.91.101.66,UCLOUD,outlook,,,,,(HK),LIMITED
Infleqtion,infleqtion.com,Flywheel/5.1.0,151.101.130.159,"Fastly,",outlook,,,,,,
OneRail,onerail.io,,,Hetzner,outlook,,,,,,
Deepgram,deepgram.com,cloudflare,141.193.213.21,Cloudflare,google,,,,,,
Vial,vialtrials.com,,,Hetzner,google,,,,,,
ResortPass,resortpass.com,cloudflare,104.22.15.193,"Cloudflare,",google,,,,,,
Zylo,zylo.com,nginx,23.185.0.3,"Fastly,",google,,,,,,
Joy,withjoy.com,nginx/1.23.3,204.246.191.84,"Amazon.com,",google,,,,,,
Swell Energy,swellenergy.com,AmazonS3,204.246.191.20,"Amazon.com,",google,,,,,,
Plant Prefab,plantprefab.com,AmazonS3,204.246.191.43,"Amazon.com,",outlook,,,,,,
Saltbox,joinsaltbox.com,,,Hetzner,google,,,,,,
Runway,runwayml.com,Vercel,76.76.21.21,"Amazon.com,",google,,,,,,
FogPharma,fogpharma.com,nginx,34.72.11.255,Google,mimecast,,,,,,
HYPR,hypr.com,cloudflare,199.60.103.254,Cloudflare,google,,,,,,
Aura Frames,auraframes.com,Apache,18.161.6.113,"Amazon.com,",google,,,,,,
ZOE,joinzoe.com,Vercel,76.76.21.21,"Amazon.com,",google,,,,,,
Mad Street Den,madstreetden.com,Apache/2.4.29 (Ubuntu),18.139.15.108,"Amazon.com,",google,,,,,,
Escient Pharmaceuticals,escientpharma.com,nginx,35.224.194.109,Google,outlook,,,,,,
Frame AI,frame.ai,Netlify,75.2.60.5,"Amazon.com,",google,,,,,,
Simplilearn,simplilearn.com,,18.161.6.96,"Amazon.com,",google,,,,,,
Reach,reachlabs.co,,,Hetzner,google,,,,,,
SPHERE Technology Solutions,sphereco.com,LiteSpeed,54.184.190.119,"Amazon.com,",outlook,,,,,,
Novo,novo.co,,52.25.204.60,"Amazon.com,",google,,,,,,
Strategic Risk Associates,srarisk.com,,34.209.167.56,"Amazon.com,",outlook,,,,,,
Medical Informatics,mic.healthcare,,,Hetzner,google,,,,,,
Teampay,teampay.co,,52.25.204.60,"Amazon.com,",google,,,,,,
Republic,republic.com,cloudflare,104.22.56.211,"Cloudflare,",google,,,,,,
ClickHouse,clickhouse.com,,,Hetzner,google,,,,,,
Stellar,ifmrestoration.com,,,Hetzner,google,,,,,,
Experic,expericservices.com,Flywheel/5.1.0,151.101.130.159,"Fastly,",outlook,,,,,,
High Street Partners,hsp.com,cloudflare,199.60.103.31,Cloudflare,outlook,,,,,,
Bionaut Labs,bionautlabs.com,Squarespace,198.49.23.145,"Squarespace,",outlook,,,,,,
FIDx,fid-x.com,,,Hetzner,barracudanetworks,,,,,,
Certemy,certemy.com,nginx,34.121.251.170,Google,google,,,,,,
Lightning Labs,lightning.engineering,cloudflare,104.21.65.216,"Cloudflare,",google,,,,,,
New View Surgical,newviewsurg.com,nginx,35.172.94.1,"Amazon.com,",outlook,,,,,,
Faraday Pharmaceuticals,faradaypharma.com,Squarespace,198.49.23.144,"Squarespace,",tmes trendmicro,,,,,,
Greenwood Bank,bankgreenwood.com,,,Hetzner,ppe-hosted,,,,,,
Upwing Energy,upwingenergy.com,,52.137.90.183,Microsoft,Thenetworkpro.net,,,,,,
GameOn Technology,gameontechnology.com,Netlify,34.83.23.240,Google,google,,,,,,
Unit21,unit21.ai,,52.11.45.250,"Amazon.com,",google,,,,,,
Aerami Therapeutics,aerami.com,Apache,13.57.65.93,"Amazon.com,",ppe-hosted,,,,,,
Amaryllis,amaryllispay.com,LiteSpeed,185.132.5.235,A2,outlook,,,,,,
MALK Organics,malkorganics.com,Apache,50.87.150.60,Unified,outlook,,,,,,
15Five,15five.com,cloudflare,141.193.213.21,Cloudflare,google,,,,,,
Saphlux,saphlux.com,Squarespace,198.49.23.144,"Squarespace,",qq.co,,,,,,
Ostro,rxdefine.com,,,Hetzner,google,,,,,,
OMNY Health,omnyhealth.com,cloudflare,162.159.134.42,"Cloudflare,",google,,,,,,
BehaVR,behavr.com,cloudflare,141.193.213.20,Cloudflare,google,,,,,,
Tredence,tredence.com,,,Hetzner,messagelabs,,,,,,
Enveda Biosciences,envedabio.com,,52.11.45.250,"Amazon.com,",ppe-hosted,,,,,,
Exyn Technologies,exyntechnologies.com,,,Hetzner,google,,,,,,
Vic.ai,vic.ai,,52.25.204.60,"Amazon.com,",google,,,,,,
CyberCube,cybcube.com,cloudflare,199.60.103.226,Cloudflare,google,,,,,,
Helm.ai,helm.ai,Netlify,34.83.11.4,Google,google,,,,,,
Sound Agriculture,sound-ag.com,,,Hetzner,google,,,,,,
SafeAI,safeai.ai,cloudflare,199.60.103.30,Cloudflare,google,,,,,,
Group14 Technologies,group14.technology,Netlify,50.18.215.94,"Amazon.com,",google,,,,,,
Small Door,smalldoorvet.com,Netlify,50.18.142.31,"Amazon.com,",google,,,,,,
MarginEdge,marginedge.com,cloudflare,199.60.103.2,Cloudflare,google,,,,,,
Nerdio,getnerdio.com,Sucuri/Cloudproxy,192.124.249.110,Sucuri,outlook,,,,,,
Heyday,heydayskincare.com,cloudflare,23.227.38.74,"Cloudflare,",google,,,,,,
quadric.io,quadric.io,Apache,45.79.85.163,Akamai,google,,,,,,
ZincFive,zincfive.com,Flywheel/5.1.0,151.101.66.159,"Fastly,",mimecast,,,,,,
User Interviews,userinterviews.com,cloudflare,172.67.43.157,"Cloudflare,",google,,,,,,
Gilgamesh Pharmaceuticals,gilgameshpharmaceutical.com,,34.209.167.56,"Amazon.com,",mimecast,,,,,,
Massive Bio,massivebio.com,nginx,52.162.87.62,Microsoft,outlook,,,,,,
Bilt Rewards,biltrewards.com,Vercel,76.76.21.98,"Amazon.com,",google,,,,,,
Element Energy,elementenergy.com,,,Hetzner,outlook,,,,,,
A2 Biotherapeutics,a2bio.com,cloudflare,104.26.10.185,"Cloudflare,",google,,,,,,
Flexport,flexport.com,Netlify,54.176.41.87,"Amazon.com,",google,,,,,,
Trilio,trilio.io,,,Hetzner,google,,,,,,
Drata,drata.com,cloudflare,104.18.24.210,"Cloudflare,",google,,,,,,
Fathom,fathomhealth.com,,76.223.27.102,"Amazon.com,",google,,,,,,
Poppi,drinkpoppi.com,Apache/2.4.29 (Ubuntu),35.227.198.201,Google,outlook,,,,,,
Axiom Space,axiomspace.com,Squarespace,198.185.159.144,"Squarespace,",mimecast,,,,,,
KIYATEC,kiyatec.com,nginx,35.172.94.1,"Amazon.com,",mimecast,,,,,,
Synchron,synchron.com,Apache,173.201.191.100,"GoDaddy.com,",outlook,,,,,,
OpenLoop,openloophealth.com,AmazonS3,99.84.66.16,"Amazon.com,",google,,,,,,
DispatchHealth,dispatchhealth.com,istio-envoy,99.84.66.84,"Amazon.com,",outlook,,,,,,
iNNBeauty Project,innbeautyproject.com,cloudflare,23.227.38.32,"Cloudflare,",google,,,,,,
Eggtronic,eggtronic.com,,,Hetzner,google,,,,,,
Alio,alio.ai,Flywheel/5.1.0,151.101.194.159,"Fastly,",google,,,,,,
Allay Therapeutics,allaytx.com,nginx,35.237.242.151,Google,outlook,,,,,,
Pathrise,pathrise.com,cloudflare,172.67.73.18,"Cloudflare,",google,,,,,,
Cedar,cedar.com,cloudflare,104.18.108.62,"Cloudflare,",google,,,,,,
MOON Ultra,moonultra.com,,52.25.204.60,"Amazon.com,",google,,,,,,
Audio Up Media,audioup.com,Squarespace,198.49.23.144,"Squarespace,",outlook,,,,,,
BrightSpec,brightspec.com,Apache,100.25.169.250,"Amazon.com,",outlook,,,,,,
Tropos Technologies,tropostech.com,,,Hetzner,google,,,,,,
Caban Systems,cabansystems.com,,,Hetzner,google,,,,,,
Prime Roots,primeroots.com,cloudflare,23.227.38.74,"Cloudflare,",outlook,,,,,,
Particle,particle.io,Netlify,34.168.30.71,Google,google,,,,,,
MycoWorks,mycoworks.com,,,Hetzner,google,,,,,,