company_Name,domain,server,ip,organization
ColdQuanta,coldquanta.com,Flywheel/5.1.0,151.101.66.159,"AS54113 Fastly, Inc."
Contentstack,contentstack.com,Vercel,76.76.21.21,"AS16509 Amazon.com, Inc."
Astera Labs,asteralabs.com,cloudflare,172.67.142.5,"AS13335 Cloudflare, Inc."
WEKA,weka.io,,,AS24940 Hetzner Online GmbH
Sense,sensehq.com,,34.209.167.56,"AS16509 Amazon.com, Inc."
Bishop Fox,bishopfox.com,cloudflare,104.24.3.98,"AS13335 Cloudflare, Inc."
Apiiro,apiiro.com,nginx,199.16.173.39,"AS2635 Automattic, Inc"
Mysten Labs,mystenlabs.com,,199.36.158.100,"AS54113 Fastly, Inc."
Ascend Elements,ascendelements.com,,,AS24940 Hetzner Online GmbH
Solugen,solugen.com,cloudflare,162.159.135.42,"AS13335 Cloudflare, Inc."
Orum,orumhq.com,,,AS24940 Hetzner Online GmbH
Spot AI,spotai.co,,,AS24940 Hetzner Online GmbH
TIFIN,tifin.com,cloudflare,172.67.134.157,"AS13335 Cloudflare, Inc."
UPSIDE Foods,upsidefoods.com,cloudflare,104.18.36.75,"AS13335 Cloudflare, Inc."
ISEE,isee.ai,nginx,157.230.177.67,"AS14061 DigitalOcean, LLC"
Alloy,alloy.co,,,AS24940 Hetzner Online GmbH
Xeal,xealenergy.com,Netlify,35.247.66.204,AS396982 Google LLC
Parallel Domain,paralleldomain.com,Netlify,75.2.60.5,"AS16509 Amazon.com, Inc."
Enable,enable.com,,34.251.201.224,"AS16509 Amazon.com, Inc."
Chief,chief.com,cloudflare,172.64.147.48,"AS13335 Cloudflare, Inc."
Brex,brex.com,,,AS24940 Hetzner Online GmbH
Qwick,qwick.com,,52.25.204.60,"AS16509 Amazon.com, Inc."
Twelve,antennagroup.com,nginx,35.199.183.49,AS396982 Google LLC
Liquid Death,liquiddeath.com,cloudflare,23.227.38.32,"AS13335 Cloudflare, Inc."
Island,island.io,,52.25.204.60,"AS16509 Amazon.com, Inc."
Swiftly,swiftly.com,,52.11.45.250,"AS16509 Amazon.com, Inc."
Cross River,crossriverbank.com,,,AS24940 Hetzner Online GmbH
Uniswap,uniswap.org,cloudflare,104.18.22.54,"AS13335 Cloudflare, Inc."
SiMa.ai,sima.ai.,,,AS24940 Hetzner Online GmbH
SirionLabs,sirionlabs.com,cloudflare,141.193.213.21,"AS209242 Cloudflare London, LLC"
HealthJoy,healthjoy.com,cloudflare,199.60.103.30,"AS209242 Cloudflare London, LLC"
Athletic Brewing,athleticbrewing.com,cloudflare,23.227.38.32,"AS13335 Cloudflare, Inc."
Jnana Therapeutics,jnanatx.com,cloudflare,141.193.213.21,"AS209242 Cloudflare London, LLC"
Canary Technologies,canarytechnologies.com,nginx,35.166.180.167,"AS16509 Amazon.com, Inc."
CleverTap,clevertap.com,cloudflare,104.18.16.89,"AS13335 Cloudflare, Inc."
Partake Foods,partakefoods.com,cloudflare,23.227.38.32,"AS13335 Cloudflare, Inc."
Viome,viome.com,istio-envoy,3.227.27.84,"AS14618 Amazon.com, Inc."
Sardine,sardine.ai,Vercel,76.76.21.9,"AS16509 Amazon.com, Inc."
RoadRunner Recycling,roadrunnerwm.com,cloudflare,199.60.103.228,"AS209242 Cloudflare London, LLC"
Sepio,sepio.systems,,,AS24940 Hetzner Online GmbH
Abnormal Security,abnormalsecurity.com,Vercel,76.76.21.21,"AS16509 Amazon.com, Inc."
Laika,heylaika.com,,,AS24940 Hetzner Online GmbH
CareAcademy,careacademy.com,cloudflare,141.193.213.21,"AS209242 Cloudflare London, LLC"
Owl Labs,owllabs.com,Netlify,75.2.60.5,"AS16509 Amazon.com, Inc."
Mayvenn,mayvenn.com,Jetty(9.4.42.v20210604),52.6.72.206,"AS14618 Amazon.com, Inc."
Hazel Health,hazel.co,,34.209.167.56,"AS16509 Amazon.com, Inc."
Elemental Machines,elementalmachines.io,,,AS24940 Hetzner Online GmbH
CrowdStreet,crowdstreet.com,cloudflare,104.21.34.162,"AS13335 Cloudflare, Inc."
Syzygy Plasmonics,plasmonics.tech,Netlify,75.2.60.5,"AS16509 Amazon.com, Inc."
Fountain,fountain.com,cloudflare,104.18.19.164,"AS13335 Cloudflare, Inc."
Cognoa,cognoa.com,cloudflare,141.193.213.21,"AS209242 Cloudflare London, LLC"
Treez,treez.io,Vercel,76.76.21.21,"AS16509 Amazon.com, Inc."
AutoLeadStar,autoleadstar.com,,,AS24940 Hetzner Online GmbH
Tellius,tellius.com,Pagely-ARES/1.10.28,35.168.216.102,"AS14618 Amazon.com, Inc."
Talos,talos.com,,34.209.167.56,"AS16509 Amazon.com, Inc."
Hone,honehq.com,cloudflare,104.26.5.140,"AS13335 Cloudflare, Inc."
Tecton,tecton.ai,cloudflare,141.193.213.11,"AS209242 Cloudflare London, LLC"
DataGrail,datagrail.io,cloudflare,141.193.213.10,"AS209242 Cloudflare London, LLC"
CG Oncology,coldgenesys.com,,,AS24940 Hetzner Online GmbH
Glean,glean.com,,,AS24940 Hetzner Online GmbH
Fathom Health,fathomhealth.com,,76.223.27.102,"AS16509 Amazon.com, Inc."
Stairwell,stairwell.com,cloudflare,172.67.156.7,"AS13335 Cloudflare, Inc."
Apploi,apploi.com,,,AS24940 Hetzner Online GmbH
Jetti Resources,jettiresources.com,nginx,18.169.245.167,"AS16509 Amazon.com, Inc."
Rokid,rokid.ai,cloudflare,141.193.213.10,"AS209242 Cloudflare London, LLC"
MedCrypt,medcrypt.co,,52.11.45.250,"AS16509 Amazon.com, Inc."
Neocis,neocisinc.com,,,AS24940 Hetzner Online GmbH
Front,frontapp.com,,,AS24940 Hetzner Online GmbH
MBX Biosciences,mbxbio.com,cloudflare,162.159.134.42,"AS13335 Cloudflare, Inc."
Biofourmis,biofourmis.com,,52.11.45.250,"AS16509 Amazon.com, Inc."
Semperis,semperis.com,,,AS24940 Hetzner Online GmbH
Emalex Biosciences,emalexbiosciences.com,Apache/2.4.56 (Debian),173.254.216.4,AS8100 QuadraNet Enterprises LLC
Swift Navigation,swiftnav.com,Cowboy,52.204.242.176,"AS14618 Amazon.com, Inc."
ConcertAI,concertohealthai.com,,,AS24940 Hetzner Online GmbH
Arcadia,arcadia.com,Netlify,34.83.23.240,AS396982 Google LLC
Prime Trust,primetrust.com,Netlify,35.199.181.187,AS396982 Google LLC
Resilia,resilia.com,Squarespace,198.49.23.144,"AS53831 Squarespace, Inc."
Securiti,securiti.ai,cloudflare,172.67.68.185,"AS13335 Cloudflare, Inc."
Particle Health,particlehealth.com,,34.209.167.56,"AS16509 Amazon.com, Inc."
Kriya Therapeutics,kriyatherapeutics.com,cloudflare,104.21.63.119,"AS13335 Cloudflare, Inc."
Logiwa,logiwa.com,nginx,35.199.32.25,AS396982 Google LLC
Aisera,aisera.com,cloudflare,141.193.213.10,"AS209242 Cloudflare London, LLC"
SpinLaunch,spinlaunch.com,,,AS24940 Hetzner Online GmbH
Pie Insurance,pieinsurance.com,cloudflare,141.193.213.10,"AS209242 Cloudflare London, LLC"
Yellow Card,yellowcard.io,cloudflare,104.18.0.88,"AS13335 Cloudflare, Inc."
Firework,fireworkhq.com,,,AS24940 Hetzner Online GmbH
Golden,golden.co,,,AS24940 Hetzner Online GmbH
Subtle Medical,subtlemedical.com,,,AS24940 Hetzner Online GmbH
Finexio,finexio.com,,52.25.204.60,"AS16509 Amazon.com, Inc."
Fortanix,fortanix.com,CloudFront,18.161.6.35,"AS16509 Amazon.com, Inc."
Infinitum Electric,infinitumelectric.com,,,AS24940 Hetzner Online GmbH
JupiterOne,jupiterone.com,,34.209.167.56,"AS16509 Amazon.com, Inc."
ClassDojo,classdojo.com,AmazonS3,18.161.6.99,"AS16509 Amazon.com, Inc."
NeuroFlow,neuroflow.com,,,AS24940 Hetzner Online GmbH
VUZ,360vuz.com,,,AS24940 Hetzner Online GmbH
Astronomer,astronomer.io,Netlify,34.83.11.4,AS396982 Google LLC
Hint Health,hint.com,,,AS24940 Hetzner Online GmbH
Zip,ziphq.com,,52.11.45.250,"AS16509 Amazon.com, Inc."
Resilience,resilence.com,nginx,104.247.82.53,AS206834 Team Internet AG
SubjectWell,subjectwell.com,Flywheel/5.1.0,151.101.2.159,"AS54113 Fastly, Inc."
Tibit Communications,tibitcom.com,nginx,35.247.81.19,AS396982 Google LLC
Alto Neuroscience,altoneuroscience.com,,34.209.167.56,"AS16509 Amazon.com, Inc."
Mesh Payments,meshpayments.com,,,AS24940 Hetzner Online GmbH
Expel,expel.com,nginx,35.173.74.67,"AS14618 Amazon.com, Inc."
Meati,meati.com,GatsbyHosting,199.232.198.22,"AS54113 Fastly, Inc."
Brave,brave.com,AmazonS3,18.172.170.4,"AS16509 Amazon.com, Inc."
Swimlane,swimlane.com,cloudflare,104.26.2.130,"AS13335 Cloudflare, Inc."
HackerRank,hackerrank.com,nginx,2.19.143.98,"AS16625 Akamai Technologies, Inc."
Akash Systems,akashsystemsinc.com,,,AS24940 Hetzner Online GmbH
WorkSpan,workspan.com,,34.209.167.56,"AS16509 Amazon.com, Inc."
Owkin,owkin.com,Netlify,75.2.60.5,"AS16509 Amazon.com, Inc."
Soli Organic,soliorganic.com,cloudflare,162.159.135.42,"AS13335 Cloudflare, Inc."
Patch Technologies,patch.io,,52.25.204.60,"AS16509 Amazon.com, Inc."
Jiko,jiko.io,Netlify,104.198.14.52,AS396982 Google LLC
Digits,digits.com,,34.95.92.107,AS396982 Google LLC
PowerToFly,powertofly.com,,18.161.6.90,"AS16509 Amazon.com, Inc."
tray.io,tray.io,,204.246.191.53,"AS16509 Amazon.com, Inc."
Tive,tive.com,,52.25.204.60,"AS16509 Amazon.com, Inc."
Solid,solidfi.com,,34.209.167.56,"AS16509 Amazon.com, Inc."
Span.IO,span.io,,34.209.167.56,"AS16509 Amazon.com, Inc."
Newfront,newfront.com,Vercel,76.76.21.98,"AS16509 Amazon.com, Inc."
Center,getcenter.com,nginx,23.185.0.3,"AS54113 Fastly, Inc."
HYCU,hycu.com,,151.139.128.10,"AS20446 StackPath, LLC."
Maven Clinic,mavenclinic.com,nginx,34.134.226.239,AS396982 Google LLC
Arize AI,arize.com,cloudflare,162.159.135.42,"AS13335 Cloudflare, Inc."
ZeroAvia,zeroavia.com,,199.15.163.128,AS58182 Wix.com Ltd.
Teleport,goteleport.com,cloudflare,104.18.6.23,"AS13335 Cloudflare, Inc."
Cellarity,cellarity.com,Sucuri/Cloudproxy,192.124.249.106,AS30148 Sucuri
Flueid,flueid.com,AmazonS3,99.84.66.4,"AS16509 Amazon.com, Inc."
Wonder,wonder.com,Squarespace,198.49.23.145,"AS53831 Squarespace, Inc."
Brightline,emiliohealth.com,,,AS24940 Hetzner Online GmbH
Casma Therapeutics,casmatx.com,nginx,104.196.53.7,AS396982 Google LLC
0x,0xproject.com,,,AS24940 Hetzner Online GmbH
Stable,stableprice.com,Squarespace,198.185.159.144,"AS53831 Squarespace, Inc."
Bravado,bravado.co,cloudflare,172.67.36.201,"AS13335 Cloudflare, Inc."
AssemblyAI,assemblyai.com,Netlify,34.168.30.71,AS396982 Google LLC
Arthur AI,arthur.ai,,34.209.167.56,"AS16509 Amazon.com, Inc."
Hex Technologies,hex.tech,,,AS24940 Hetzner Online GmbH
Empatica,empatica.com,Netlify,35.199.181.187,AS396982 Google LLC
Electric Hydrogen,eh2.com,cloudflare,141.193.213.21,"AS209242 Cloudflare London, LLC"
Spotnana Technology,spotnana.com,cloudflare,141.193.213.11,"AS209242 Cloudflare London, LLC"
OneSignal,onesignal.com,cloudflare,104.18.215.59,"AS13335 Cloudflare, Inc."
Moxion Power,moxionpower.com,,34.209.167.56,"AS16509 Amazon.com, Inc."
Narmi,narmi.com,,52.11.45.250,"AS16509 Amazon.com, Inc."
Unravel Data,unraveldata.com,cloudflare,172.67.24.134,"AS13335 Cloudflare, Inc."
Firefly Aerospace,fireflyspace.com,cloudflare,141.193.213.20,"AS209242 Cloudflare London, LLC"
TheGuarantors,theguarantors.com,Vercel,76.76.21.142,"AS16509 Amazon.com, Inc."
Clear Street,clearstreet.io,,52.11.45.250,"AS16509 Amazon.com, Inc."
Kneron,kneron.us,,,AS24940 Hetzner Online GmbH
Velocity Global,velocityglobal.com,cloudflare,104.26.5.134,"AS13335 Cloudflare, Inc."
Magic Spoon,magicspoon.com,cloudflare,23.227.38.32,"AS13335 Cloudflare, Inc."
Taranis,taranis.ag,,,AS24940 Hetzner Online GmbH
Filevine,filevine.com,nginx/1.24.0,44.236.166.116,"AS16509 Amazon.com, Inc."
Brave Health,bebravehealth.com,,,AS24940 Hetzner Online GmbH
Hello Heart,helloheart.com,,52.25.204.60,"AS16509 Amazon.com, Inc."
Bevi,bevi.co,cloudflare,141.193.213.20,"AS209242 Cloudflare London, LLC"
Strike,strike.me,Netlify,147.75.40.150,"AS54825 Packet Host, Inc."
Kojo,usekojo.com,,34.209.167.56,"AS16509 Amazon.com, Inc."
TRM Labs,trmlabs.com,,52.11.45.250,"AS16509 Amazon.com, Inc."
Pulley,pulley.com,,34.102.133.158,AS396982 Google LLC
AngelList Talent,gmail.com,,,AS24940 Hetzner Online GmbH
Ordr,ordr.net,cloudflare,141.193.213.11,"AS209242 Cloudflare London, LLC"
HopSkipDrive,hopskipdrive.com,cloudflare,199.60.103.30,"AS209242 Cloudflare London, LLC"
Brightseed,brightseedbio.com,Vercel,76.76.21.21,"AS16509 Amazon.com, Inc."
Cleerly,cleerly.co,openresty/1.13.6.1,45.33.2.79,AS63949 Akamai Connected Cloud
Middesk,middesk.com,,34.209.167.56,"AS16509 Amazon.com, Inc."
Zerion,zerion.io,cloudflare,104.26.10.68,"AS13335 Cloudflare, Inc."
Digital Diagnostics,digitaldiagnostics.com,,,AS24940 Hetzner Online GmbH
Clarify Health Solutions,clarifyhealth.com,cloudflare,172.67.97.163,"AS13335 Cloudflare, Inc."
Tienda Pago,tiendapago.com,Apache,107.180.28.81,"AS26496 GoDaddy.com, LLC"
Sesame,sesamecare.com,,,AS24940 Hetzner Online GmbH
Tomorrow Health,tomorrowhealth.com,,52.11.45.250,"AS16509 Amazon.com, Inc."
Breezeway,breezeway.io,cloudflare,199.60.103.226,"AS209242 Cloudflare London, LLC"
Vivun,vivun.com,cloudflare,162.159.134.42,"AS13335 Cloudflare, Inc."
Atom Power,atompower.com,,199.15.163.148,AS58182 Wix.com Ltd.
Trace,traceup.com,,,AS24940 Hetzner Online GmbH
Alation,alation.com,nginx,104.198.2.56,AS396982 Google LLC
Gotham Greens,gothamgreens.com,nginx,35.223.172.190,AS396982 Google LLC
PicnicHealth,picnichealth.com,cloudflare,104.26.7.164,"AS13335 Cloudflare, Inc."
Connectbase,connected2fiber.com,,,AS24940 Hetzner Online GmbH
Ethic,ethicinvesting.com,,,AS24940 Hetzner Online GmbH
LogRocket,logrocket.com,,,AS24940 Hetzner Online GmbH
Obsidian Security,obsidiansecurity.com,nginx,35.202.211.50,AS396982 Google LLC
Boulevard,joinblvd.com,,18.161.6.123,"AS16509 Amazon.com, Inc."
Data.world,data.world,,151.101.2.133,"AS54113 Fastly, Inc."
Underdog Fantasy,underdogfantasy.com,Google Frontend,151.101.66.132,"AS54113 Fastly, Inc."
Impact Analytics,impactanalytics.co,cloudflare,104.18.22.43,"AS13335 Cloudflare, Inc."
Courier,courier.com,Vercel,76.76.21.21,"AS16509 Amazon.com, Inc."
Bicycle Health,bicyclehealth.com,cloudflare,104.22.17.179,"AS13335 Cloudflare, Inc."
Federated Wireless,federatedwireless.com,cloudflare,104.22.71.155,"AS13335 Cloudflare, Inc."
Qualified.com,qualified.com,nginx,3.226.232.232,"AS14618 Amazon.com, Inc."
Lilt,lilt.com,,35.190.15.33,AS15169 Google LLC
OpenPhone,openphone.co,cloudflare,104.18.8.187,"AS13335 Cloudflare, Inc."
Tebra,kareo.com,,,AS24940 Hetzner Online GmbH
onxMaps,onxmaps.com,,,AS24940 Hetzner Online GmbH
Bionic,bionic.ai,cloudflare,141.193.213.20,"AS209242 Cloudflare London, LLC"
Panzura,panzura.com,cloudflare,141.193.213.11,"AS209242 Cloudflare London, LLC"
Edge Delta,edgedelta.com,AmazonS3,18.161.6.21,"AS16509 Amazon.com, Inc."
BillionToOne,billiontoone.com,cloudflare,141.193.213.21,"AS209242 Cloudflare London, LLC"
Capital Rx,cap-rx.com,,52.11.45.250,"AS16509 Amazon.com, Inc."
Everytable,everytable.com,,,AS24940 Hetzner Online GmbH
airSlate,airslate.com,,,AS24940 Hetzner Online GmbH
RippleMatch,ripplematch.com,nginx,35.188.156.234,AS396982 Google LLC
LinearB,linearb.io,nginx,46.101.35.195,"AS14061 DigitalOcean, LLC"
Carisma Therapeutics,carismatx.com,Sucuri/Cloudproxy,192.124.249.62,AS30148 Sucuri
Dealpath,dealpath.com,AmazonS3,204.246.191.27,"AS16509 Amazon.com, Inc."
Material Bank,materialbank.com,,151.101.22.49,"AS54113 Fastly, Inc."
Agility Robotics,agilityrobotics.com,Squarespace,198.49.23.144,"AS53831 Squarespace, Inc."
Tessera Therapeutics,tesseratx.com,,,AS24940 Hetzner Online GmbH
Carbyne,carbyne.com,cloudflare,141.193.213.21,"AS209242 Cloudflare London, LLC"
Ayar Labs,ayarlabs.com,,,AS24940 Hetzner Online GmbH
Tovala,tovala.com,Vercel,76.76.21.21,"AS16509 Amazon.com, Inc."
COTA Healthcare,cotahealthcare.com,cloudflare,162.159.135.42,"AS13335 Cloudflare, Inc."
STRIVR,strivr.com,nginx,104.198.66.55,AS396982 Google LLC
Capitolis,eternapartners.com,Apache,89.187.85.19,AS31708 Coreix Ltd
Zoovu,zoovu.com,,,AS24940 Hetzner Online GmbH
ZineOne,zineone.com,,,AS24940 Hetzner Online GmbH
Ellevest,ellevest.com,cloudflare,104.18.29.25,"AS13335 Cloudflare, Inc."
Kitchen United,kitchenunited.com,nginx,104.198.51.78,AS396982 Google LLC
Torch,torch.io,nginx,35.185.112.185,AS396982 Google LLC
Seegrid,seegrid.com,nginx,104.198.28.229,AS396982 Google LLC
Sana Benefits,sanabenefits.com,,,AS24940 Hetzner Online GmbH
Stylitics,stylitics.com,nginx/1.21.0,167.99.52.135,"AS14061 DigitalOcean, LLC"
Beta Technologies,beta.team,nginx,23.185.0.1,"AS54113 Fastly, Inc."
X1,x1.co,,,AS24940 Hetzner Online GmbH
Sun King,greenlightplanet.com,,,AS24940 Hetzner Online GmbH
GrowthSpace,growthspace.com,cloudflare,141.193.213.21,"AS209242 Cloudflare London, LLC"
Cirkul,drinkcirkul.com,cloudflare,23.227.38.32,"AS13335 Cloudflare, Inc."
Cube,cubesoftware.com,cloudflare,199.60.103.254,"AS209242 Cloudflare London, LLC"
Proscia,proscia.com,nginx,34.68.119.204,AS396982 Google LLC
Knoetic,knoetic.com,,52.25.204.60,"AS16509 Amazon.com, Inc."
Capella Space,capellaspace.com,cloudflare,104.26.6.147,"AS13335 Cloudflare, Inc."
Fairmarkit,fairmarkit.com,,52.11.45.250,"AS16509 Amazon.com, Inc."
Verishop,verishop.com,cloudflare,104.17.159.23,"AS13335 Cloudflare, Inc."
Kumo.AI,kumo.ai,nginx,52.22.57.175,"AS14618 Amazon.com, Inc."
Movable Ink,movableink.com,Cowboy,23.23.235.50,"AS14618 Amazon.com, Inc."
Atomica Corp,atomica.com,cloudflare,141.193.213.20,"AS209242 Cloudflare London, LLC"
ReCode Therapeutics,recodetx.com,cloudflare,141.193.213.20,"AS209242 Cloudflare London, LLC"
GOQii,goqii.com,nginx,3.7.133.173,"AS16509 Amazon.com, Inc."
Vizgen,vizgen.com,nginx,35.190.155.134,AS396982 Google LLC
Branch,ourbranch.com,,,AS24940 Hetzner Online GmbH
Fly.io,fly.io.,,,AS24940 Hetzner Online GmbH
IntelyCare,intelycare.com,Sucuri/Cloudproxy,192.124.249.133,AS30148 Sucuri
Vaxess Technologies,vaxess.com,Squarespace,198.49.23.145,"AS53831 Squarespace, Inc."
Rookout,rookout.com,cloudflare,172.66.43.109,"AS13335 Cloudflare, Inc."
Celona,celona.io,,52.25.204.60,"AS16509 Amazon.com, Inc."
Finix Payments,finixpayments.com,,,AS24940 Hetzner Online GmbH
Quiq,goquiq.com,,,AS24940 Hetzner Online GmbH
Built Robotics,builtrobotics.com,cloudflare,104.26.10.110,"AS13335 Cloudflare, Inc."
Boatsetter,boatsetter.com,nginx,3.213.6.164,"AS14618 Amazon.com, Inc."
WSO2,wso2.com,cloudflare,104.18.14.72,"AS13335 Cloudflare, Inc."
Regrow Ag,regrow.ag,,52.25.204.60,"AS16509 Amazon.com, Inc."
Lightning AI,lightning.ai,nginx,34.111.9.200,AS396982 Google LLC
Botrista Technology,botrista.io,,,AS24940 Hetzner Online GmbH
Diligent Robotics,diligentrobots.com,Squarespace,198.49.23.145,"AS53831 Squarespace, Inc."
Demostack,demostack.com,Netlify,54.177.41.125,"AS16509 Amazon.com, Inc."
Mashgin,mashgin.com,,,AS24940 Hetzner Online GmbH
Kaiyo,kaiyo.com,cloudflare,172.67.5.190,"AS13335 Cloudflare, Inc."
SkySpecs,skyspecs.com,nginx,35.233.245.83,AS396982 Google LLC
DealHub.io,dealhub.io,,,AS24940 Hetzner Online GmbH
Noyo,noyo.com,Netlify,34.83.11.4,AS396982 Google LLC
Mosyle,mosyle.com,Apache,23.102.132.77,AS8075 Microsoft Corporation
SafetyWing,safetywing.com,nginx,34.110.196.95,AS396982 Google LLC
Forge Biologics,forgebiologics.com,,,AS24940 Hetzner Online GmbH
Source,zeromasswater.com,,,AS24940 Hetzner Online GmbH
Statsig,statsig.com,istio-envoy,40.125.127.28,AS8075 Microsoft Corporation
Meter,meter.com,,52.25.204.60,"AS16509 Amazon.com, Inc."
Syntiant,syntiant.com,Pepyaka/1.19.10,151.101.21.84,"AS54113 Fastly, Inc."
ComboCurve,combocurve.com,cloudflare,141.193.213.11,"AS209242 Cloudflare London, LLC"
TruckSmarter,trucksmarter.com,,52.11.45.250,"AS16509 Amazon.com, Inc."
Nymbl Science,nymblscience.com,nginx,192.0.78.25,"AS2635 Automattic, Inc"
Zilliz,zilliz.com,nginx/1.17.10,99.83.204.24,"AS16509 Amazon.com, Inc."
Isovalent,isovalent.com,GatsbyHosting,199.232.194.22,"AS54113 Fastly, Inc."
Noodle.ai,noodle.ai,GatsbyHosting,199.232.194.22,"AS54113 Fastly, Inc."
Instabug,instabug.com,,34.209.167.56,"AS16509 Amazon.com, Inc."
Twingate,twingate.com,Netlify,54.176.41.87,"AS16509 Amazon.com, Inc."
Tenovos,tenovos.com,,,AS24940 Hetzner Online GmbH
Submittable,submittable.com,Netlify,35.247.66.204,AS396982 Google LLC
Elevate K-12,elevatek12.com,cloudflare,141.193.213.20,"AS209242 Cloudflare London, LLC"
Purple Lab,purplelab.com,nginx,35.223.245.7,AS396982 Google LLC
FlexGen,flexgen.com,cloudflare,104.21.16.84,"AS13335 Cloudflare, Inc."
Eclypsium,eclypsium.com,,151.101.65.195,"AS54113 Fastly, Inc."
Teamworks,teamworks.com,,,AS24940 Hetzner Online GmbH
Florence Healthcare,florencehc.com,nginx,18.161.6.114,"AS16509 Amazon.com, Inc."
RentSpree,rentspree.com,cloudflare,172.67.72.57,"AS13335 Cloudflare, Inc."
Lumafield,lumafield.com,Vercel,76.76.21.21,"AS16509 Amazon.com, Inc."
Echodyne,echodyne.com,cloudflare,172.67.72.78,"AS13335 Cloudflare, Inc."
AppViewX,appviewx.com,cloudflare,104.18.11.82,"AS13335 Cloudflare, Inc."
Visby Medical,visbymedical.com,AmazonS3,99.84.66.34,"AS16509 Amazon.com, Inc."
MANTA,getmanta.com,cloudflare,199.60.103.186,"AS209242 Cloudflare London, LLC"
Spectro Cloud,spectrocloud.com,AmazonS3,204.246.191.74,"AS16509 Amazon.com, Inc."
QuotaPath,quotapath.com,Vercel,76.76.21.21,"AS16509 Amazon.com, Inc."
Rivery.io,rivery.io,cloudflare,141.193.213.10,"AS209242 Cloudflare London, LLC"
New York Shipping Exchange,nyshex.com,,,AS24940 Hetzner Online GmbH
Xage Security,xage.com,nginx,35.196.104.31,AS396982 Google LLC
Incredible Health,incrediblehealth.com,cloudflare,104.26.15.153,"AS13335 Cloudflare, Inc."
LottieFiles,lottiefiles.com,cloudflare,172.64.151.115,"AS13335 Cloudflare, Inc."
Whistic,whistic.com,cloudflare,199.60.103.226,"AS209242 Cloudflare London, LLC"
DigiLens,digilens.com,Apache/2.4.41 (Ubuntu),54.190.208.174,"AS16509 Amazon.com, Inc."
Ledger Investing,ledgerinvesting.com,Vercel,76.76.21.21,"AS16509 Amazon.com, Inc."
Arable,arable.com,nginx,23.185.0.2,"AS54113 Fastly, Inc."
WeaveGrid,weavegrid.com,,52.11.45.250,"AS16509 Amazon.com, Inc."
ThriveFantasy,thrivefantasy.com,cloudflare,104.18.35.126,"AS13335 Cloudflare, Inc."
TaskHuman,taskhuman.com,nginx,35.202.119.152,AS396982 Google LLC
Mindful Care,mindful.care,cloudflare,172.67.140.195,"AS13335 Cloudflare, Inc."
VulcanForms,vulcanforms.com,,34.209.167.56,"AS16509 Amazon.com, Inc."
Cap Hill Brands,caphillbrands.com,,52.25.204.60,"AS16509 Amazon.com, Inc."
SamCart,samcart.com,cloudflare,141.193.213.11,"AS209242 Cloudflare London, LLC"
SitePro,sitepro.com,cloudflare,199.60.103.254,"AS209242 Cloudflare London, LLC"
ETON Solutions,eton-solutions.com,cloudflare,141.193.213.11,"AS209242 Cloudflare London, LLC"
Axio,axio.com,cloudflare,104.26.14.224,"AS13335 Cloudflare, Inc."
Burrow,burrow.com,cloudflare,172.66.40.81,"AS13335 Cloudflare, Inc."
Pattern Brands,patternbrands.com,cloudflare,23.227.38.65,"AS13335 Cloudflare, Inc."
Natural Fiber Welding,naturalfiberwelding.com,cloudflare,199.60.103.254,"AS209242 Cloudflare London, LLC"
Airspace,airspace.com,cloudflare,199.60.103.2,"AS209242 Cloudflare London, LLC"
Brightside Health,brightside.com,cloudflare,141.193.213.21,"AS209242 Cloudflare London, LLC"
Mendel.ai,mendel.ai,,34.209.167.56,"AS16509 Amazon.com, Inc."
DoraHacks,dorahacks.com,,,AS24940 Hetzner Online GmbH
Orna Therapeutics,ornatx.com,,,AS24940 Hetzner Online GmbH
ShiftLeft,shiftleft.io,,,AS24940 Hetzner Online GmbH
Ever/Body,everbody.com,cloudflare,104.21.21.33,"AS13335 Cloudflare, Inc."
Bark Technologies,bark.us,Apache,35.153.120.218,"AS14618 Amazon.com, Inc."
Galvanize Therapeutics,galvanizetx.com,cloudflare,160.153.0.10,"AS209242 Cloudflare London, LLC"
Eleanor Health,eleanorhealth.com,cloudflare,141.193.213.11,"AS209242 Cloudflare London, LLC"
Fernish,fernish.com,,18.161.6.116,"AS16509 Amazon.com, Inc."
Autobooks,autobooks.co,cloudflare,199.60.103.31,"AS209242 Cloudflare London, LLC"
InfStones,infstones.com,nginx/1.18.0 (Ubuntu),54.144.40.177,"AS14618 Amazon.com, Inc."
LifeMine Therapeutics,lifeminetx.com,cloudflare,162.159.135.42,"AS13335 Cloudflare, Inc."
RealWear,realwear.com,cloudflare,104.22.4.184,"AS13335 Cloudflare, Inc."
Optimal Dynamics,optimaldynamics.com,,34.209.167.56,"AS16509 Amazon.com, Inc."
Ethena,goethena.com,Apache/2.4.54 (Debian),44.214.176.141,"AS14618 Amazon.com, Inc."
Vytalize Health,vytalizehealth.com,,,AS24940 Hetzner Online GmbH
Osmind,osmind.org,,34.209.167.56,"AS16509 Amazon.com, Inc."
Ascend.io,ascend.io,,,AS24940 Hetzner Online GmbH
SiLC Technologies,silc.com,Flywheel/5.1.0,151.101.66.159,"AS54113 Fastly, Inc."
Sovrn,sovrn.com,cloudflare,141.193.213.10,"AS209242 Cloudflare London, LLC"
MycoTechnology,mycotechcorp.com,,,AS24940 Hetzner Online GmbH
Oliver Space,oliver.space,cloudflare,172.67.138.91,"AS13335 Cloudflare, Inc."
AgroSpheres,agrospheres.com,,52.25.204.60,"AS16509 Amazon.com, Inc."
Shyft,shyftmoving.com,,52.25.204.60,"AS16509 Amazon.com, Inc."
Dandelion Energy,dandelionenergy.com,Apache/2.4.41 (Ubuntu),161.35.14.150,"AS14061 DigitalOcean, LLC"
Dusty Robotics,dustyrobotics.com,,52.25.204.60,"AS16509 Amazon.com, Inc."
Gusto,gusto.com,cloudflare,172.64.154.69,"AS13335 Cloudflare, Inc."
Menusifu,menusifu.com,,,AS24940 Hetzner Online GmbH
UrbanFootprint,urbanfootprint.com,nginx,104.196.225.196,AS396982 Google LLC
Ossio,ossio.io,nginx,198.211.105.61,"AS14061 DigitalOcean, LLC"
Kangarootime,kangarootime.com,LiteSpeed,67.202.92.31,AS210250 K Media Tech Ltd.
Glowforge,glowforge.com,,99.86.38.122,"AS16509 Amazon.com, Inc."
Superb AI,superb-ai.com,Vercel,76.76.21.21,"AS16509 Amazon.com, Inc."
Nursa,nursa.com,,45.60.241.199,AS19551 Incapsula Inc
Litmus Automation,litmus.io,cloudflare,104.18.2.37,"AS13335 Cloudflare, Inc."
Unlearn.AI,unlearn.ai,,34.209.167.56,"AS16509 Amazon.com, Inc."
ALICE Technologies,alicetechnologies.com,cloudflare,199.60.103.28,"AS209242 Cloudflare London, LLC"
Vontive,vontive.com,,52.25.204.60,"AS16509 Amazon.com, Inc."
Well,well.co,cloudflare,141.193.213.10,"AS209242 Cloudflare London, LLC"
Seclore,seclore.com,Sucuri/Cloudproxy,192.124.249.53,AS30148 Sucuri
InsideTracker,insidetracker.com,,13.107.237.70,AS8075 Microsoft Corporation
Yamibuy,yamibuy.com,openresty,44.224.208.189,"AS16509 Amazon.com, Inc."
Crunchbase,crunchbase.com,cloudflare,104.22.63.68,"AS13335 Cloudflare, Inc."
Sigmoid,sigmoid.com,cloudflare,104.21.74.199,"AS13335 Cloudflare, Inc."
Docker,docker.com,cloudflare,141.193.213.20,"AS209242 Cloudflare London, LLC"
Activ Surgical,activsurgical.com,nginx,35.227.145.165,AS396982 Google LLC
Open Raven,openraven.com,,52.11.45.250,"AS16509 Amazon.com, Inc."
Recurve,recurve.com,,34.209.167.56,"AS16509 Amazon.com, Inc."
Prosimo,prosimo.io,Flywheel/5.1.0,151.101.194.159,"AS54113 Fastly, Inc."
ACELYRIN,acelyrin.com,nginx,52.142.5.13,AS8075 Microsoft Corporation
Aquabyte,aquabyte.ai,nginx-rc,164.90.206.202,"AS14061 DigitalOcean, LLC"
Parler,parler.com,nginx/1.23.1,199.231.234.154,"AS399515 Parlement Technologies, Inc."
AmazeVR,amazevr.com,Squarespace,198.49.23.144,"AS53831 Squarespace, Inc."
Arine,arine.io,,,AS24940 Hetzner Online GmbH
Fortress Information Security,fortressinfosec.com,cloudflare,199.60.103.31,"AS209242 Cloudflare London, LLC"
Raptor Maps,raptormaps.com,cloudflare,141.193.213.11,"AS209242 Cloudflare London, LLC"
Zap Energy,zapenergyinc.com,,,AS24940 Hetzner Online GmbH
Talkiatry,talkiatry.com,,34.209.167.56,"AS16509 Amazon.com, Inc."
Fetcher,fetcher.ai,,,AS24940 Hetzner Online GmbH
LiveView Technologies,lvt.com,,34.209.167.56,"AS16509 Amazon.com, Inc."
Kasisto,kasisto.com,nginx,104.196.70.215,AS396982 Google LLC
WiredScore,wiredscore.com,cloudflare,141.193.213.21,"AS209242 Cloudflare London, LLC"
SupplyPike,supplypike.com,,,AS24940 Hetzner Online GmbH
Joonko,joonko.co,AmazonS3,99.84.66.102,"AS16509 Amazon.com, Inc."
Nava,nava.io,,,AS24940 Hetzner Online GmbH
Stratifyd,stratifyd.com,,52.11.45.250,"AS16509 Amazon.com, Inc."
Cordial,cordial.com,,,AS24940 Hetzner Online GmbH
MixMode,mixmode.ai,,,AS24940 Hetzner Online GmbH
LucidLink,lucidlink.com,Apache/2.4.54 (Ubuntu),34.206.192.164,"AS14618 Amazon.com, Inc."
Mint House,minthouse.com,cloudflare,162.159.135.42,"AS13335 Cloudflare, Inc."
Prizeout,prizeout.com,cloudflare,104.22.34.190,"AS13335 Cloudflare, Inc."
ChargeAfter,chargeafter.com,nginx,35.185.200.47,AS396982 Google LLC
LineVision,linevisioninc.com,,34.209.167.56,"AS16509 Amazon.com, Inc."
AutoRABIT,autorabit.com,,,AS24940 Hetzner Online GmbH
Theta Lake,thetalake.com,nginx,18.144.77.46,"AS16509 Amazon.com, Inc."
Full Harvest,fullharvest.com,cloudflare,199.60.103.2,"AS209242 Cloudflare London, LLC"
AccelByte,accelbyte.net,,,AS24940 Hetzner Online GmbH
Lily AI,lily.ai,cloudflare,141.193.213.21,"AS209242 Cloudflare London, LLC"
Poplar Homes,poplarhomes.com,nginx/1.14.2,54.215.232.214,"AS16509 Amazon.com, Inc."
StrongArm Tech,strongarmtech.com,nginx,138.197.53.149,"AS14061 DigitalOcean, LLC"
Little Leaf Farms,littleleaffarms.com,LiteSpeed,66.115.171.6,AS46562 Performive LLC
BlueOcean,blueocean.ai,nginx/1.21.6,173.254.69.221,AS46606 Unified Layer
Home365,home365.co,Apache,3.219.175.102,"AS14618 Amazon.com, Inc."
Legacy,givelegacy.com,nginx,3.132.166.52,"AS16509 Amazon.com, Inc."
Doorstead,doorstead.com,cloudflare,104.26.1.65,"AS13335 Cloudflare, Inc."
Wahed Invest,wahedinvest.com,,,AS24940 Hetzner Online GmbH
Spruce,getspruce.com,cloudflare,141.193.213.11,"AS209242 Cloudflare London, LLC"
Aspen Neuroscience,aspenneuro.com,openresty,34.102.136.180,AS396982 Google LLC
GridX,gridx.com,nginx,104.154.28.173,AS396982 Google LLC
FORT Robotics,fortrobotics.com,cloudflare,199.60.103.228,"AS209242 Cloudflare London, LLC"
skan.ai,skan.ai,,,AS24940 Hetzner Online GmbH
JobGet,jobget.com,nginx/1.23.3,52.71.2.194,"AS14618 Amazon.com, Inc."
Reciprocity,reciprocitylabs.com,,,AS24940 Hetzner Online GmbH
StackHawk,stackhawk.com,,,AS24940 Hetzner Online GmbH
RayzeBio,rayzebio.com,Apache,66.180.64.220,AS62961 Blueshift Information Systems Inc.
OvationCXM,ovationcxm.com,,,AS24940 Hetzner Online GmbH
CAMP4 Therapeutics,camp4tx.com,Flywheel/5.1.0,151.101.2.159,"AS54113 Fastly, Inc."
Celsius Therapeutics,celsiustx.com,cloudflare,141.193.213.11,"AS209242 Cloudflare London, LLC"
FarmWise,farmwise.io,,54.183.137.146,"AS16509 Amazon.com, Inc."
Landis,landis.com,AmazonS3,204.246.191.78,"AS16509 Amazon.com, Inc."
ZEDEDA,zededa.com,cloudflare,141.193.213.21,"AS209242 Cloudflare London, LLC"
Magic Eden,magiceden.io,cloudflare,104.18.17.187,"AS13335 Cloudflare, Inc."
BlockApps,blockapps.net,cloudflare,104.21.28.85,"AS13335 Cloudflare, Inc."
Vendia,vendia.net,,,AS24940 Hetzner Online GmbH
Terabase Energy,terabase.energy,,52.25.204.60,"AS16509 Amazon.com, Inc."
Rivet,rivet.gg,,,AS24940 Hetzner Online GmbH
Senda Biosciences,sendabiosciences.com,,,AS24940 Hetzner Online GmbH
CEIPAL,ceipal.com,nginx,34.173.127.233,AS396982 Google LLC
VectorBuilder,vectorbuilder.com,,76.223.29.72,"AS16509 Amazon.com, Inc."
Covr Financial Technologies,covrtech.com,cloudflare,141.193.213.21,"AS209242 Cloudflare London, LLC"
Mirvie,mirvie.com,,34.209.167.56,"AS16509 Amazon.com, Inc."
Strider Technologies,striderintel.com,Sucuri/Cloudproxy,192.124.249.129,AS30148 Sucuri
Merge,merge.dev,,,AS24940 Hetzner Online GmbH
Abacus Insights,abacusinsights.com,,,AS24940 Hetzner Online GmbH
Music Audience Exchange,max.live,cloudflare,199.60.103.31,"AS209242 Cloudflare London, LLC"
METiS Therapeutics,metistx.com,Pepyaka/1.19.10,34.149.87.45,AS15169 Google LLC
Gardyn,mygardyn.com,cloudflare,104.26.0.188,"AS13335 Cloudflare, Inc."
Reveleer,healthdatavision.com,,,AS24940 Hetzner Online GmbH
Ergeon,ergeon.com,AmazonS3,99.84.66.2,"AS16509 Amazon.com, Inc."
Enko Chem,enkochem.com,nginx/1.18.0 (Ubuntu),3.75.104.27,"AS16509 Amazon.com, Inc."
TriSalus Life Sciences,surefiremedical.com,,,AS24940 Hetzner Online GmbH
Moxe Health,moxehealth.com,LiteSpeed,3.208.135.31,"AS14618 Amazon.com, Inc."
FalconX,falconx.io,,52.11.45.250,"AS16509 Amazon.com, Inc."
SignalWire,signalwire.com,nginx,35.193.31.115,AS396982 Google LLC
JenaValve Technology,jenavalve.com,,,AS24940 Hetzner Online GmbH
Wildcat Discovery Technologies,wildcatdiscovery.com,nginx,137.184.179.7,"AS14061 DigitalOcean, LLC"
Shoreline,shoreline.io,,34.209.167.56,"AS16509 Amazon.com, Inc."
Higg Co,higg.com,cloudflare,141.193.213.10,"AS209242 Cloudflare London, LLC"
Future Family,futurefamily.com,AmazonS3,204.246.191.43,"AS16509 Amazon.com, Inc."
TransfrVR,transfrvr.com,,,AS24940 Hetzner Online GmbH
Cybrary,cybrary.it,AmazonS3,18.161.6.95,"AS16509 Amazon.com, Inc."
Dispatch,dispatchwithus.com,,,AS24940 Hetzner Online GmbH
Pure Watercraft,purewatercraft.com,,,AS24940 Hetzner Online GmbH
MyCarrier,go.mycarrier.io,,,AS24940 Hetzner Online GmbH
SingleOps,singleops.com,nginx,104.196.28.63,AS396982 Google LLC
Leaf Trade,leaftrade.com,,,AS24940 Hetzner Online GmbH
Hunt Club,huntclub.com,cloudflare,199.60.103.227,"AS209242 Cloudflare London, LLC"
TokenEx,tokenex.com,cloudflare,141.193.213.10,"AS209242 Cloudflare London, LLC"
Enervee,enervee.com,,52.25.204.60,"AS16509 Amazon.com, Inc."
NorthOne,northone.com,nginx/1.23.3,52.15.206.155,"AS16509 Amazon.com, Inc."
Data Gumbo,datagumbo.com,cloudflare,199.60.103.30,"AS209242 Cloudflare London, LLC"
Nucleus Security,nucleussec.com,,,AS24940 Hetzner Online GmbH
Airspace Link,airspacelink.com,Netlify,75.2.60.5,"AS16509 Amazon.com, Inc."
ForAllSecure,forallsecure.com,Google Frontend,34.117.45.43,AS396982 Google LLC
Candle Labs,candlelabs.org,Framer/1da0abb,52.223.52.2,"AS16509 Amazon.com, Inc."
Prellis Biologics,prellisbio.com,,,AS24940 Hetzner Online GmbH
Eclipse Foods,eclipsefoods.com,Squarespace,198.49.23.144,"AS53831 Squarespace, Inc."
TrueBinding,truebinding.com,Squarespace,198.49.23.144,"AS53831 Squarespace, Inc."
Tidio,tidio.net,,,AS24940 Hetzner Online GmbH
Verkada,verkada.com,cloudflare,104.22.13.102,"AS13335 Cloudflare, Inc."
HowGood,howgood.com,cloudflare,104.26.2.126,"AS13335 Cloudflare, Inc."
Rael,getrael.com,,,AS24940 Hetzner Online GmbH
CreativeX,picassolabs.com,,,AS24940 Hetzner Online GmbH
Soundstripe,soundstripe.com,cloudflare,199.60.103.2,"AS209242 Cloudflare London, LLC"
Rippling,rippling.com,Vercel,76.76.21.142,"AS16509 Amazon.com, Inc."
Vita Therapeutics,vita-therapeutics.com,,,AS24940 Hetzner Online GmbH
GoCo.io Inc,goco.io,nginx,157.230.226.109,"AS14061 DigitalOcean, LLC"
Harness,harness.io,,52.11.45.250,"AS16509 Amazon.com, Inc."
Public Goods,publicgoods.com,cloudflare,23.227.38.74,"AS13335 Cloudflare, Inc."
dotData,dotdata.com,nginx,35.193.212.84,AS396982 Google LLC
410 Medical,410medical.com,nginx,34.206.18.87,"AS14618 Amazon.com, Inc."
Anvilogic,anvilogic.com,,52.11.45.250,"AS16509 Amazon.com, Inc."
Locus Biosciences,locus-bio.com,,,AS24940 Hetzner Online GmbH
Ashvattha Therapeutics,ashvatthatherapeutics.com,,,AS24940 Hetzner Online GmbH
L7 Informatics,l7informatics.com,Sucuri/Cloudproxy,192.124.249.57,AS30148 Sucuri
Genetesis,genetesis.com,,34.209.167.56,"AS16509 Amazon.com, Inc."
BeeHero,beehero.io,,52.11.45.250,"AS16509 Amazon.com, Inc."
ZenLedger,zenledger.io,,52.25.204.60,"AS16509 Amazon.com, Inc."
Form Energy,formenergy.com,,,AS24940 Hetzner Online GmbH
Arzeda,arzeda.com,cloudflare,141.193.213.21,"AS209242 Cloudflare London, LLC"
Qloo,qloo.com,Netlify,104.198.14.52,AS396982 Google LLC
Soft Robotics,softroboticsinc.com,nginx,104.198.14.88,AS396982 Google LLC
Elucid,elucidbio.com,,,AS24940 Hetzner Online GmbH
Retool,retool.com,Vercel,76.76.21.21,"AS16509 Amazon.com, Inc."
HireArt,hireart.com,,34.209.167.56,"AS16509 Amazon.com, Inc."
MicroTransponder,microtransponder.com,nginx,23.185.0.3,"AS54113 Fastly, Inc."
Movellus,movellus.com,nginx,35.226.133.80,AS396982 Google LLC
Notable Labs,notablelabs.com,nginx,104.154.118.233,AS396982 Google LLC
MedTrainer,medtrainer.com,LiteSpeed,185.214.132.81,AS47583 Hostinger International Limited
CHAMPtitles,champtitles.com,cloudflare,160.153.0.91,"AS209242 Cloudflare London, LLC"
Convoy,convoy.com,cloudflare,141.193.213.10,"AS209242 Cloudflare London, LLC"
Vitara Biomedical,vitara.com,Squarespace,198.185.159.144,"AS53831 Squarespace, Inc."
Bravo Sierra,bravosierra.com,cloudflare,23.227.38.74,"AS13335 Cloudflare, Inc."
Tally,meettally.com,nginx/1.20.2,18.223.19.166,"AS16509 Amazon.com, Inc."
Neat Capital,neatcapital.com,,52.25.204.60,"AS16509 Amazon.com, Inc."
Iontra,iontra.com,,,AS24940 Hetzner Online GmbH
Oyster,withoyster.com,,34.209.167.56,"AS16509 Amazon.com, Inc."
Boulder Care,boulder.care,,34.209.167.56,"AS16509 Amazon.com, Inc."
Be Biopharma,bebiopharma.com,,,AS24940 Hetzner Online GmbH
Nisos,nisos.com,cloudflare,162.159.134.42,"AS13335 Cloudflare, Inc."
Careviso,covermytest.com,,,AS24940 Hetzner Online GmbH
Javara Research,javararesearch.com,cloudflare,162.159.135.42,"AS13335 Cloudflare, Inc."
Code Ocean,codeocean.com,nginx,18.161.6.99,"AS16509 Amazon.com, Inc."
Redesign Health,redesignhealth.com,AmazonS3,18.161.6.24,"AS16509 Amazon.com, Inc."
Kyte,drivekyte.com,,,AS24940 Hetzner Online GmbH
Alzheon,doe.com,,,AS24940 Hetzner Online GmbH
Inspirna,inspirna.com,cloudflare,160.153.0.186,"AS209242 Cloudflare London, LLC"
FundGuard,fundguard.com,nginx,35.188.91.53,AS396982 Google LLC
WizeHire,wizehire.com,nginx,198.58.122.24,AS63949 Akamai Connected Cloud
DefenseStorm,defensestorm.com,fbs,151.139.128.10,"AS20446 StackPath, LLC."
INK Games,inkgames.com,,,AS24940 Hetzner Online GmbH
Battle motors,gmail.com,,,AS24940 Hetzner Online GmbH
iraLogix,iralogix.com,nginx,104.198.73.33,AS396982 Google LLC
Joywell Foods,joywellfoods.com,,,AS24940 Hetzner Online GmbH
Moleaer,moleaer.com,cloudflare,199.60.103.31,"AS209242 Cloudflare London, LLC"
WeTravel,wetravel.com,,35.169.229.152,"AS14618 Amazon.com, Inc."
Homethrive,homethrive.com,cloudflare,199.60.103.228,"AS209242 Cloudflare London, LLC"
Monte Carlo,montecarlodata.com,cloudflare,141.193.213.10,"AS209242 Cloudflare London, LLC"
Cribl,cribl.io,nginx,99.84.66.70,"AS16509 Amazon.com, Inc."
Journera,journera.com,Squarespace,198.185.159.145,"AS53831 Squarespace, Inc."
Moximed,moximed.com,nginx,130.211.148.200,AS396982 Google LLC
ProofPilot,proofpilot.com,cloudflare,199.60.103.30,"AS209242 Cloudflare London, LLC"
Religion of Sports,religionofsports.com,nginx/1.21.6,50.87.223.105,AS46606 Unified Layer
Claravine,claravine.com,nginx,104.196.40.64,AS396982 Google LLC
Onda,drinkonda.com,cloudflare,23.227.38.65,"AS13335 Cloudflare, Inc."
Point,point.com,,34.209.167.56,"AS16509 Amazon.com, Inc."
Whatnot,whatnot.com,cloudflare,104.18.42.215,"AS13335 Cloudflare, Inc."
Triplemint,triplemint.com,,,AS24940 Hetzner Online GmbH
MoEngage,moengage.com,cloudflare,141.193.213.21,"AS209242 Cloudflare London, LLC"
Element5,e5.ai,,99.84.66.67,"AS16509 Amazon.com, Inc."
Sionna Therapeutics,sionnatx.com,nginx,104.154.236.248,AS396982 Google LLC
Viz,viz.ai,,52.11.45.250,"AS16509 Amazon.com, Inc."
Shield AI,shield.ai,nginx,23.185.0.253,"AS54113 Fastly, Inc."
Ursa Space Systems,ursaspace.com,,,AS24940 Hetzner Online GmbH
Carmot Therapeutics,carmot.us,,,AS24940 Hetzner Online GmbH
Domuso,domuso.com,Squarespace,198.185.159.145,"AS53831 Squarespace, Inc."
Green Revolution Cooling,grcooling.com,nginx,35.185.60.174,AS396982 Google LLC
Remote,remote.com,Vercel,76.76.21.21,"AS16509 Amazon.com, Inc."
SmartX Technology Solutions,smartxadvisory.com,Apache,54.85.42.114,"AS14618 Amazon.com, Inc."
Shop-Ware,shop-ware.com,,,AS24940 Hetzner Online GmbH
XYZ Robotics,xyzrobotics.ai,cloudflare,104.21.50.130,"AS13335 Cloudflare, Inc."
Playerâs Health,playershealth.com,,34.209.167.56,"AS16509 Amazon.com, Inc."
Modern Treasury,moderntreasury.com,Vercel,76.76.21.21,"AS16509 Amazon.com, Inc."
APDS,apdscorporate.com,,,AS24940 Hetzner Online GmbH
Upside,upside.com,,52.11.45.250,"AS16509 Amazon.com, Inc."
Clerk,clerk.dev,Vercel,76.76.21.98,"AS16509 Amazon.com, Inc."
Verana Networks,verananetworks.com,,198.71.233.100,"AS26496 GoDaddy.com, LLC"
SeatGeek,seatgeek.com,openresty,151.101.130.133,"AS54113 Fastly, Inc."
Groups360,groups360.com,cloudflare,141.193.213.20,"AS209242 Cloudflare London, LLC"
Iris Telehealth,iristelehealth.com,nginx,23.236.55.173,AS396982 Google LLC
Cerecin,cerecin.com,,99.83.230.219,"AS16509 Amazon.com, Inc."
Generation Esports,generationesports.com,,,AS24940 Hetzner Online GmbH
Silent Falcon UAS Technologies,silentfalconuas.com,,,AS24940 Hetzner Online GmbH
Structure Therapeutics,shoutipharma.com,,,AS24940 Hetzner Online GmbH
Utility Global,utility.global,,,AS24940 Hetzner Online GmbH
ClearTrace,cleartrace.io,,,AS24940 Hetzner Online GmbH
Pave,pave.com,,52.11.45.250,"AS16509 Amazon.com, Inc."
Mutiny,mutinyhq.com,Vercel,76.76.21.21,"AS16509 Amazon.com, Inc."
Circ,tytonbio.com,,,AS24940 Hetzner Online GmbH
SprintRay,sprintray.com,cloudflare,172.66.40.107,"AS13335 Cloudflare, Inc."
Grafana Labs,grafana.com,nginx/1.23.3,34.120.177.193,AS396982 Google LLC
Electric,electric.ai,cloudflare,162.159.134.42,"AS13335 Cloudflare, Inc."
Anduril Industries,anduril.com,,,AS24940 Hetzner Online GmbH
Vergent Bioscience,vergentbio.com,,,AS24940 Hetzner Online GmbH
Valitor,valitorbio.com,,,AS24940 Hetzner Online GmbH
DermaSensor,dermasensor.com,,,AS24940 Hetzner Online GmbH
Dedrone,dedrone.com,,34.209.167.56,"AS16509 Amazon.com, Inc."
Sibel Health,sibelhealth.com,Squarespace,198.185.159.145,"AS53831 Squarespace, Inc."
Keen Decision Systems,keends.com,nginx,216.92.77.61,AS7859 pair Networks
Covercress,covercress.com,Microsoft-IIS/10.0,3.209.60.167,"AS14618 Amazon.com, Inc."
Halo Labs,halolabs.com,Apache,64.90.59.16,"AS26347 New Dream Network, LLC"
Magnetic Insight,magneticinsight.com,Apache,208.73.201.59,"AS19318 Interserver, Inc"
LambdaTest,lambdatest.com,cloudflare,104.18.4.65,"AS13335 Cloudflare, Inc."
Immuta,immuta.com,cloudflare,141.193.213.20,"AS209242 Cloudflare London, LLC"
Pajarito Powder,pajaritopowder.com,nginx,146.148.92.162,AS396982 Google LLC
Sharper Shape,sharpershape.com,cloudflare,141.193.213.10,"AS209242 Cloudflare London, LLC"
Genies,genies.com,Netlify,75.2.60.5,"AS16509 Amazon.com, Inc."
Materna Medical,maternamed.com,,,AS24940 Hetzner Online GmbH
Evisort,evisort.com,,52.11.45.250,"AS16509 Amazon.com, Inc."
ATLAS Space Operations,atlasground.com,,,AS24940 Hetzner Online GmbH
Elevation,elevationenergysolutions.com,,,AS24940 Hetzner Online GmbH
Avenda Health,avendahealth.com,,,AS24940 Hetzner Online GmbH
Centerline Biomedical,centerlinebiomed.com,openresty,34.120.145.50,AS396982 Google LLC
Wasabi Technologies,wasabi.com,,,AS24940 Hetzner Online GmbH
OnCorps,oncorps.ai,,52.11.45.250,"AS16509 Amazon.com, Inc."
Pawlicy Advisor,pawlicy.com,Vercel,76.76.21.21,"AS16509 Amazon.com, Inc."
Alma,helloalma.com,Netlify,75.2.60.5,"AS16509 Amazon.com, Inc."
Calyxo,calyxoinc.com,,,AS24940 Hetzner Online GmbH
Decisio Health,decisiohealth.com,nginx,34.69.60.32,AS396982 Google LLC
Raven360,raven360.com,cloudflare,199.60.103.228,"AS209242 Cloudflare London, LLC"
Stord,stord.com,Vercel,76.76.21.21,"AS16509 Amazon.com, Inc."
Glia,glia.com,,52.25.204.60,"AS16509 Amazon.com, Inc."
Inari,inari.com,Netlify,75.2.60.5,"AS16509 Amazon.com, Inc."
Folx Health,folxhealth.com,AmazonS3,18.161.6.112,"AS16509 Amazon.com, Inc."
Boston Micro Fabrication,bmftec.com,,,AS24940 Hetzner Online GmbH
OnPoint,onpoint-us.com,Apache,72.167.70.199,"AS398101 GoDaddy.com, LLC"
Vibenomics,vibenomics.com,cloudflare,141.193.213.10,"AS209242 Cloudflare London, LLC"
Checkr,checkr.com,nginx,23.185.0.2,"AS54113 Fastly, Inc."
Invetx,invetx.com,,,AS24940 Hetzner Online GmbH
Zenysis,zenysis.com,AmazonS3,18.161.6.109,"AS16509 Amazon.com, Inc."
Rain,rain.us,,,AS24940 Hetzner Online GmbH
VitalTech,vitaltech.com,nginx,192.0.78.188,"AS2635 Automattic, Inc"
Fetch,fetchrewards.com,,,AS24940 Hetzner Online GmbH
SwanBio Therapeutics,swanbiotx.com,nginx/1.23.4,192.145.234.17,"AS22611 InMotion Hosting, Inc."
Mojo Vision,mojo.vision,Netlify,34.168.247.115,AS396982 Google LLC
Aero,aero.com,Sucuri/Cloudproxy,192.124.249.54,AS30148 Sucuri
Postscript,postscript.io,Netlify,99.83.231.61,"AS16509 Amazon.com, Inc."
AltPep,altpep.com,cloudflare,141.193.213.10,"AS209242 Cloudflare London, LLC"
Singlera Genomics,singleragenomics.com,,,AS24940 Hetzner Online GmbH
LandGate,petrovalues.com,,,AS24940 Hetzner Online GmbH
Ablative Solutions,ablativesolutions.com,nginx,45.63.91.57,"AS20473 The Constant Company, LLC"
Amaryllis Payment Solutions,amaryllispay.com,LiteSpeed,185.132.5.235,"AS55293 A2 Hosting, Inc."
Crusoe Energy Systems,crusoeenergy.com,AmazonS3,18.161.6.98,"AS16509 Amazon.com, Inc."
DocSpera,docspera.com,AmazonS3,54.213.95.128,"AS16509 Amazon.com, Inc."
Elektrofi,elektrofi.com,Squarespace,198.49.23.145,"AS53831 Squarespace, Inc."
Open Book Extracts,openbookextracts.com,cloudflare,104.26.14.176,"AS13335 Cloudflare, Inc."
Levita Magnetics,levitamag.com,,,AS24940 Hetzner Online GmbH
Altana AI,altana.ai,Vercel,76.76.21.21,"AS16509 Amazon.com, Inc."
"Ekalavya Hansaj, Inc.",ekalavyahansaj.com,,,AS24940 Hetzner Online GmbH
ScotchPorter,scotchporter.com,cloudflare,23.227.38.74,"AS13335 Cloudflare, Inc."
Amberdata,amberdata.io,cloudflare,199.60.103.28,"AS209242 Cloudflare London, LLC"
Vendr,vendr.com,,52.25.204.60,"AS16509 Amazon.com, Inc."
Innago - Property Management Software,innago.com,,,AS24940 Hetzner Online GmbH
Fictiv,fictiv.com,cloudflare,104.21.72.139,"AS13335 Cloudflare, Inc."
Flatfile,flatfile.com,GatsbyHosting,199.232.194.22,"AS54113 Fastly, Inc."
Rapid,rapidapi.com,cloudflare,172.66.42.232,"AS13335 Cloudflare, Inc."
Token,tokenize.com,,,AS24940 Hetzner Online GmbH
NexHealth,nexhealth.com,,52.11.45.250,"AS16509 Amazon.com, Inc."
Upward Health,upwardhealth.com,Sucuri/Cloudproxy,192.124.249.125,AS30148 Sucuri
Pearlx Infrastructure,pearlx.com,nginx,3.97.184.250,"AS16509 Amazon.com, Inc."
Medallion,medallion.co,,212.2.243.166,AS212047 Civo LTD
Kindertales,kindertales.com,cloudflare,199.60.103.225,"AS209242 Cloudflare London, LLC"
Elation Health,elationhealth.com,cloudflare,204.246.191.40,"AS16509 Amazon.com, Inc."
Sitetracker,sitetracker.com,nginx,23.185.0.2,"AS54113 Fastly, Inc."
Pachama,pachama.com,cloudflare,141.193.213.21,"AS209242 Cloudflare London, LLC"
AlphaSense,alpha-sense.com,cloudflare,141.193.213.21,"AS209242 Cloudflare London, LLC"
Ojjo,ojjo.com,Squarespace,198.49.23.145,"AS53831 Squarespace, Inc."
Afresh,afresh.com,,52.11.45.250,"AS16509 Amazon.com, Inc."
Sentry,sentry.io,,,AS24940 Hetzner Online GmbH
Workstream,workstream.us,,18.161.6.112,"AS16509 Amazon.com, Inc."
PayCargo,paycargo.com,cloudflare,141.193.213.20,"AS209242 Cloudflare London, LLC"
Bainbridge Health,bainbridgehealth.com,cloudflare,199.60.103.2,"AS209242 Cloudflare London, LLC"
ILiAD Biotechnologies,iliadbio.com,Apache,107.180.56.177,"AS26496 GoDaddy.com, LLC"
BigPanda,bigpanda.io,cloudflare,141.193.213.10,"AS209242 Cloudflare London, LLC"
Observe.AI,observe.ai,,52.11.45.250,"AS16509 Amazon.com, Inc."
Landing,hellolanding.com,cloudflare,172.67.68.11,"AS13335 Cloudflare, Inc."
Frontera Therapeutics,fronteratherapeutics.com,Apache,34.230.163.125,"AS14618 Amazon.com, Inc."
BridGene Biosciences,bridgenebiosciences.com,,,AS24940 Hetzner Online GmbH
VTS,vts.com,cloudflare,151.101.22.49,"AS54113 Fastly, Inc."
Preply,preply.com,cloudflare,104.18.21.180,"AS13335 Cloudflare, Inc."
Truework,truework.com,Netlify,99.84.66.49,"AS16509 Amazon.com, Inc."
AccessFintech,accessfintech.com,Apache,89.187.85.19,AS31708 Coreix Ltd
OpenSpace,openspace.ai,nginx,23.185.0.4,"AS54113 Fastly, Inc."
Clarke Valve,clarkeindustrialengineering.com,,,AS24940 Hetzner Online GmbH
InsurePay,insurepay.com,,,AS24940 Hetzner Online GmbH
seqWell,seqwell.com,,,AS24940 Hetzner Online GmbH
Vyriad,vyriad.com,Flywheel/5.1.0,151.101.2.159,"AS54113 Fastly, Inc."
Imply,imply.io,nginx,34.121.120.87,AS396982 Google LLC
Green Theme Technologies,greenthemetek.com,openresty,192.169.223.13,"AS398101 GoDaddy.com, LLC"
Veza,veza.com,cloudflare,172.67.165.211,"AS13335 Cloudflare, Inc."
Housecall Pro,housecallpro.com,CloudFront,204.246.191.39,"AS16509 Amazon.com, Inc."
Gorgias,gorgias.com,,52.25.204.60,"AS16509 Amazon.com, Inc."
Aledade,aledade.com,nginx,23.185.0.3,"AS54113 Fastly, Inc."
LetsGetChecked,letsgetchecked.com,AmazonS3,99.84.66.110,"AS16509 Amazon.com, Inc."
Zesty.ai,zesty.ai,Apache,199.115.124.219,AS8304 Ecritel SASU
ZylÃ¶ Therapeutics,zylotherapeutics.com,Pepyaka/1.19.10,34.149.87.45,AS15169 Google LLC
Overtime,itsovertime.com,,18.161.6.27,"AS16509 Amazon.com, Inc."
Nightfall AI,nightfall.ai,,52.11.45.250,"AS16509 Amazon.com, Inc."
Lucid Green,lucid-id.com,nginx,75.2.115.196,"AS16509 Amazon.com, Inc."
Firstbase,firstbase.com,,34.209.167.56,"AS16509 Amazon.com, Inc."
FreeWire Technologies,freewiretech.com,cloudflare,141.193.213.11,"AS209242 Cloudflare London, LLC"
VidMob,vidmob.com,nginx,34.134.137.167,AS396982 Google LLC
HomeLight,homelight.com,Cowboy,151.101.22.132,"AS54113 Fastly, Inc."
Solidus Labs,soliduslabs.com,,34.209.167.56,"AS16509 Amazon.com, Inc."
Accelus,accelusinc.com,Apache,162.217.150.79,AS13984 SD Data Center
Belong,belonghome.com,Vercel,76.76.21.21,"AS16509 Amazon.com, Inc."
Jeeves,tryjeeves.com,,34.209.167.56,"AS16509 Amazon.com, Inc."
Messari,messari.io,cloudflare,104.18.7.70,"AS13335 Cloudflare, Inc."
Gloat,gloat.com,cloudflare,141.193.213.20,"AS209242 Cloudflare London, LLC"
Cista,cistadesign.com,Microsoft-IIS/10.0,216.69.141.67,"AS398101 GoDaddy.com, LLC"
CertiK,certik.com,Vercel,76.76.21.21,"AS16509 Amazon.com, Inc."
LinkSquares,linksquares.com,cloudflare,162.159.135.42,"AS13335 Cloudflare, Inc."
Curebase,curebase.com,,52.11.45.250,"AS16509 Amazon.com, Inc."
GlossGenius,glossgenius.com,,18.161.6.53,"AS16509 Amazon.com, Inc."
Metalenz,metalenz.com,nginx,23.185.0.3,"AS54113 Fastly, Inc."
Mainspring Energy,mainspringenergy.com,Netlify,35.247.66.204,AS396982 Google LLC
Reify Health,reifyhealth.com,,52.11.45.250,"AS16509 Amazon.com, Inc."
Caribou,gocaribou.com,Vercel,76.76.21.21,"AS16509 Amazon.com, Inc."
fftest-lisa,15five.com,cloudflare,141.193.213.21,"AS209242 Cloudflare London, LLC"
Retia Medical,retiamedical.com,Apache,69.163.144.202,"AS26347 New Dream Network, LLC"
Cassia Networks,cassianetworks.com,nginx,104.198.254.120,AS396982 Google LLC
Flip,flip.shop,,34.223.162.241,"AS16509 Amazon.com, Inc."
Sonde Health,sondehealth.com,Squarespace,198.185.159.145,"AS53831 Squarespace, Inc."
NetQub,netqub.com,LiteSpeed,52.25.252.101,"AS16509 Amazon.com, Inc."
Coralogix,coralogix.com,cloudflare,104.18.11.234,"AS13335 Cloudflare, Inc."
Delfi Diagnostics,delfidiagnostics.com,nginx,143.198.65.64,"AS14061 DigitalOcean, LLC"
Fashinza,fashinza.com,nginx/1.18.0 (Ubuntu),13.232.80.3,"AS16509 Amazon.com, Inc."
WorkRamp,workramp.com,nginx,35.239.47.170,AS396982 Google LLC
Openly,openly.com,cloudflare,199.60.103.109,"AS209242 Cloudflare London, LLC"
NextBillion,gmail.com,,,AS24940 Hetzner Online GmbH
Booster,trybooster.com,,,AS24940 Hetzner Online GmbH
Mosaic.tech,mosaic.tech,Vercel,76.76.21.21,"AS16509 Amazon.com, Inc."
Onfleet,onfleet.com,nginx/1.14.0 (Ubuntu),52.201.115.220,"AS14618 Amazon.com, Inc."
Vessel,vesselhealth.com,,,AS24940 Hetzner Online GmbH
Astatech,astatechinc.com,Apache/2.2.15 (CentOS),104.130.26.101,AS27357 Rackspace Hosting
Appsmith,appsmith.com,Vercel,76.76.21.21,"AS16509 Amazon.com, Inc."
Prisma,prisma.io,,,AS24940 Hetzner Online GmbH
Trovata,trovata.io,nginx/1.22.1,44.234.223.86,"AS16509 Amazon.com, Inc."
Spine BioPharma,spinebiopharma.com,,,AS24940 Hetzner Online GmbH
Incyclix Bio,incyclixbio.com,nginx,104.196.12.201,AS396982 Google LLC
Material Security,material.security,,,AS24940 Hetzner Online GmbH
Conversica,conversica.com,cloudflare,141.193.213.21,"AS209242 Cloudflare London, LLC"
Accern,accern.com,,,AS24940 Hetzner Online GmbH
tZERO,tzero.com,cloudflare,104.18.185.23,"AS13335 Cloudflare, Inc."
Scratchpay,scratchpay.com,cloudflare,104.22.36.117,"AS13335 Cloudflare, Inc."
Luxury Presence,luxurypresence.com,,,AS24940 Hetzner Online GmbH
BoostUp.ai,boostup.ai,cloudflare,199.60.103.225,"AS209242 Cloudflare London, LLC"
Sharebite,sharebite.com,AmazonS3,99.84.66.88,"AS16509 Amazon.com, Inc."
DoControl,docontrol.io,,34.209.167.56,"AS16509 Amazon.com, Inc."
Regenacy Pharmaceuticals,regenacy.com,Squarespace,198.185.159.144,"AS53831 Squarespace, Inc."
Persistent Energy Partners,persistentenergypartners.com,,,AS24940 Hetzner Online GmbH
Equalum,equalum.io,nginx,161.35.215.102,"AS14061 DigitalOcean, LLC"
Naurex,naurex.com,,,AS24940 Hetzner Online GmbH
Tesorio,tesorio.com,nginx,18.161.6.38,"AS16509 Amazon.com, Inc."
BloXroute Labs,bloxroute.com,,,AS24940 Hetzner Online GmbH
AgencyKPI,agencykpi.com,Squarespace,198.185.159.145,"AS53831 Squarespace, Inc."
Own Up,ownup.com,Netlify,34.105.68.244,AS396982 Google LLC
SmartHop,smarthop.co,,,AS24940 Hetzner Online GmbH
JOBOX.ai,jobox.ai,,,AS24940 Hetzner Online GmbH
Beilai Bio,baylxinc.com,Pepyaka/1.19.10,34.149.87.45,AS15169 Google LLC
Kafene,kafene.com,cloudflare,104.21.46.126,"AS13335 Cloudflare, Inc."
Lindy Biosciences,lindybio.com,Pepyaka/1.19.10,34.149.87.45,AS15169 Google LLC
Light Field Lab,lightfieldlab.com,,52.25.204.60,"AS16509 Amazon.com, Inc."
Guard Medical,guard-medical.com,,,AS24940 Hetzner Online GmbH
Upfront Healthcare Services,upfronthealthcare.com,cloudflare,141.193.213.21,"AS209242 Cloudflare London, LLC"
Socially Determined,sociallydetermined.com,cloudflare,199.60.103.31,"AS209242 Cloudflare London, LLC"
Frontdesk,stayfrontdesk.com,Cowboy,18.205.36.100,"AS14618 Amazon.com, Inc."
Octet Medical,octetmedical.com,,199.15.163.138,AS58182 Wix.com Ltd.
Sonomotion,sonomotion.com,Apache,208.113.216.16,"AS26347 New Dream Network, LLC"
Momnt,momnt.com,Apache/2.4.41 (Ubuntu),34.194.221.222,"AS14618 Amazon.com, Inc."
REVA Medical,revamedical.com,nginx,35.185.15.10,AS396982 Google LLC
Carlsmed,carlsmed.com,Sucuri/Cloudproxy,192.124.249.68,AS30148 Sucuri
Phraxis,phraxis.com,DPS/2.0.0-beta+sha-7828e72,76.223.105.230,"AS16509 Amazon.com, Inc."
DuraStat,durastat.com,Apache,52.119.45.92,AS394949 Fused Network Corporation
TenNor Therapeutics,tennorx.com,F-WEB,23.91.101.66,AS135377 UCLOUD INFORMATION TECHNOLOGY (HK) LIMITED
Infleqtion,infleqtion.com,Flywheel/5.1.0,151.101.130.159,"AS54113 Fastly, Inc."
OneRail,onerail.io,,,AS24940 Hetzner Online GmbH
Deepgram,deepgram.com,cloudflare,141.193.213.21,"AS209242 Cloudflare London, LLC"
Vial,vialtrials.com,,,AS24940 Hetzner Online GmbH
ResortPass,resortpass.com,cloudflare,104.22.15.193,"AS13335 Cloudflare, Inc."
Zylo,zylo.com,nginx,23.185.0.3,"AS54113 Fastly, Inc."
Joy,withjoy.com,nginx/1.23.3,204.246.191.84,"AS16509 Amazon.com, Inc."
Swell Energy,swellenergy.com,AmazonS3,204.246.191.20,"AS16509 Amazon.com, Inc."
Plant Prefab,plantprefab.com,AmazonS3,204.246.191.43,"AS16509 Amazon.com, Inc."
Saltbox,joinsaltbox.com,,,AS24940 Hetzner Online GmbH
Runway,runwayml.com,Vercel,76.76.21.21,"AS16509 Amazon.com, Inc."
FogPharma,fogpharma.com,nginx,34.72.11.255,AS396982 Google LLC
HYPR,hypr.com,cloudflare,199.60.103.254,"AS209242 Cloudflare London, LLC"
Aura Frames,auraframes.com,Apache,18.161.6.113,"AS16509 Amazon.com, Inc."
ZOE,joinzoe.com,Vercel,76.76.21.21,"AS16509 Amazon.com, Inc."
Mad Street Den,madstreetden.com,Apache/2.4.29 (Ubuntu),18.139.15.108,"AS16509 Amazon.com, Inc."
Escient Pharmaceuticals,escientpharma.com,nginx,35.224.194.109,AS396982 Google LLC
Frame AI,frame.ai,Netlify,75.2.60.5,"AS16509 Amazon.com, Inc."
Simplilearn,simplilearn.com,,18.161.6.96,"AS16509 Amazon.com, Inc."
Reach,reachlabs.co,,,AS24940 Hetzner Online GmbH
SPHERE Technology Solutions,sphereco.com,LiteSpeed,54.184.190.119,"AS16509 Amazon.com, Inc."
Novo,novo.co,,52.25.204.60,"AS16509 Amazon.com, Inc."
Strategic Risk Associates,srarisk.com,,34.209.167.56,"AS16509 Amazon.com, Inc."
Medical Informatics,mic.healthcare,,,AS24940 Hetzner Online GmbH
Teampay,teampay.co,,52.25.204.60,"AS16509 Amazon.com, Inc."
Republic,republic.com,cloudflare,104.22.56.211,"AS13335 Cloudflare, Inc."
ClickHouse,clickhouse.com,,,AS24940 Hetzner Online GmbH
Stellar,ifmrestoration.com,,,AS24940 Hetzner Online GmbH
Experic,expericservices.com,Flywheel/5.1.0,151.101.130.159,"AS54113 Fastly, Inc."
High Street Partners,hsp.com,cloudflare,199.60.103.31,"AS209242 Cloudflare London, LLC"
Bionaut Labs,bionautlabs.com,Squarespace,198.49.23.145,"AS53831 Squarespace, Inc."
FIDx,fid-x.com,,,AS24940 Hetzner Online GmbH
Certemy,certemy.com,nginx,34.121.251.170,AS396982 Google LLC
Lightning Labs,lightning.engineering,cloudflare,104.21.65.216,"AS13335 Cloudflare, Inc."
New View Surgical,newviewsurg.com,nginx,35.172.94.1,"AS14618 Amazon.com, Inc."
Faraday Pharmaceuticals,faradaypharma.com,Squarespace,198.49.23.144,"AS53831 Squarespace, Inc."
Greenwood Bank,bankgreenwood.com,,,AS24940 Hetzner Online GmbH
Upwing Energy,upwingenergy.com,,52.137.90.183,AS8075 Microsoft Corporation
GameOn Technology,gameontechnology.com,Netlify,34.83.23.240,AS396982 Google LLC
Unit21,unit21.ai,,52.11.45.250,"AS16509 Amazon.com, Inc."
Aerami Therapeutics,aerami.com,Apache,13.57.65.93,"AS16509 Amazon.com, Inc."
Amaryllis,amaryllispay.com,LiteSpeed,185.132.5.235,"AS55293 A2 Hosting, Inc."
MALK Organics,malkorganics.com,Apache,50.87.150.60,AS46606 Unified Layer
15Five,15five.com,cloudflare,141.193.213.21,"AS209242 Cloudflare London, LLC"
Saphlux,saphlux.com,Squarespace,198.49.23.144,"AS53831 Squarespace, Inc."
Ostro,rxdefine.com,,,AS24940 Hetzner Online GmbH
OMNY Health,omnyhealth.com,cloudflare,162.159.134.42,"AS13335 Cloudflare, Inc."
BehaVR,behavr.com,cloudflare,141.193.213.20,"AS209242 Cloudflare London, LLC"
Tredence,tredence.com,,,AS24940 Hetzner Online GmbH
Enveda Biosciences,envedabio.com,,52.11.45.250,"AS16509 Amazon.com, Inc."
Exyn Technologies,exyntechnologies.com,,,AS24940 Hetzner Online GmbH
Vic.ai,vic.ai,,52.25.204.60,"AS16509 Amazon.com, Inc."
CyberCube,cybcube.com,cloudflare,199.60.103.226,"AS209242 Cloudflare London, LLC"
Helm.ai,helm.ai,Netlify,34.83.11.4,AS396982 Google LLC
Sound Agriculture,sound-ag.com,,,AS24940 Hetzner Online GmbH
SafeAI,safeai.ai,cloudflare,199.60.103.30,"AS209242 Cloudflare London, LLC"
Group14 Technologies,group14.technology,Netlify,50.18.215.94,"AS16509 Amazon.com, Inc."
Small Door,smalldoorvet.com,Netlify,50.18.142.31,"AS16509 Amazon.com, Inc."
MarginEdge,marginedge.com,cloudflare,199.60.103.2,"AS209242 Cloudflare London, LLC"
Nerdio,getnerdio.com,Sucuri/Cloudproxy,192.124.249.110,AS30148 Sucuri
Heyday,heydayskincare.com,cloudflare,23.227.38.74,"AS13335 Cloudflare, Inc."
quadric.io,quadric.io,Apache,45.79.85.163,AS63949 Akamai Connected Cloud
ZincFive,zincfive.com,Flywheel/5.1.0,151.101.66.159,"AS54113 Fastly, Inc."
User Interviews,userinterviews.com,cloudflare,172.67.43.157,"AS13335 Cloudflare, Inc."
Gilgamesh Pharmaceuticals,gilgameshpharmaceutical.com,,34.209.167.56,"AS16509 Amazon.com, Inc."
Massive Bio,massivebio.com,nginx,52.162.87.62,AS8075 Microsoft Corporation
Bilt Rewards,biltrewards.com,Vercel,76.76.21.98,"AS16509 Amazon.com, Inc."
Element Energy,elementenergy.com,,,AS24940 Hetzner Online GmbH
A2 Biotherapeutics,a2bio.com,cloudflare,104.26.10.185,"AS13335 Cloudflare, Inc."
Flexport,flexport.com,Netlify,54.176.41.87,"AS16509 Amazon.com, Inc."
Trilio,trilio.io,,,AS24940 Hetzner Online GmbH
Drata,drata.com,cloudflare,104.18.24.210,"AS13335 Cloudflare, Inc."
Fathom,fathomhealth.com,,76.223.27.102,"AS16509 Amazon.com, Inc."
Poppi,drinkpoppi.com,Apache/2.4.29 (Ubuntu),35.227.198.201,AS15169 Google LLC
