company_Name,domain,server,ip,organizations,,,,
ColdQuanta,coldquanta.com,Flywheel/5.1.0,151.101.66.159,Fastly,,,,
Contentstack,contentstack.com,Vercel,76.76.21.21,Amazon.com,,,,
Astera Labs,asteralabs.com,cloudflare,172.67.142.5,Cloudflare,,,,
WEKA,weka.io,,,Hetzner,Online,GmbH,,
Sense,sensehq.com,,34.209.167.56,Amazon.com,,,,
Bishop Fox,bishopfox.com,cloudflare,104.24.3.98,Cloudflare,,,,
Apiiro,apiiro.com,nginx,199.16.173.39,Automattic,,,,
Mysten Labs,mystenlabs.com,,199.36.158.100,Fastly,,,,
Ascend Elements,ascendelements.com,,,Hetzner,Online,GmbH,,
Solugen,solugen.com,cloudflare,162.159.135.42,Cloudflare,,,,
Orum,orumhq.com,,,Cloudflare,Online,GmbH,,
Spot AI,spotai.co,,,Cloudflare,Online,GmbH,,
TIFIN,tifin.com,cloudflare,172.67.134.157,Cloudflare,,,,
UPSIDE Foods,upsidefoods.com,cloudflare,104.18.36.75,Cloudflare,,,,
ISEE,isee.ai,nginx,157.230.177.67,DigitalOcean,,,,
Alloy,alloy.co,,,Hetzner,Online,GmbH,,
Xeal,xealenergy.com,Netlify,35.247.66.204,Google,LLC,,,
Parallel Domain,paralleldomain.com,Netlify,75.2.60.5,Amazon.com,,,,
Enable,enable.com,,34.251.201.224,Amazon.com,,,,
Chief,chief.com,cloudflare,172.64.147.48,Cloudflare,,,,
Brex,brex.com,,,Hetzner,Online,GmbH,,
Qwick,qwick.com,,52.25.204.60,Amazon.com,,,,
Twelve,antennagroup.com,nginx,35.199.183.49,Google,LLC,,,
Liquid Death,liquiddeath.com,cloudflare,23.227.38.32,Cloudflare,,,,
Island,island.io,,52.25.204.60,Amazon.com,,,,
Swiftly,swiftly.com,,52.11.45.250,Amazon.com,,,,
Cross River,crossriverbank.com,,,Hetzner,Online,GmbH,,
Uniswap,uniswap.org,cloudflare,104.18.22.54,Cloudflare,,,,
SiMa.ai,sima.ai.,,,Hetzner,Online,GmbH,,
SirionLabs,sirionlabs.com,cloudflare,141.193.213.21,Cloudflare,London,,,
HealthJoy,healthjoy.com,cloudflare,199.60.103.30,Cloudflare,London,,,
Athletic Brewing,athleticbrewing.com,cloudflare,23.227.38.32,Cloudflare,,,,
Jnana Therapeutics,jnanatx.com,cloudflare,141.193.213.21,Cloudflare,London,,,
Canary Technologies,canarytechnologies.com,nginx,35.166.180.167,Amazon.com,,,,
CleverTap,clevertap.com,cloudflare,104.18.16.89,Cloudflare,,,,
Partake Foods,partakefoods.com,cloudflare,23.227.38.32,Cloudflare,,,,
Viome,viome.com,istio-envoy,3.227.27.84,Amazon.com,,,,
Sardine,sardine.ai,Vercel,76.76.21.9,Amazon.com,,,,
RoadRunner Recycling,roadrunnerwm.com,cloudflare,199.60.103.228,Cloudflare,London,,,
Sepio,sepio.systems,,,Hetzner,Online,GmbH,,
Abnormal Security,abnormalsecurity.com,Vercel,76.76.21.21,Amazon.com,,,,
Laika,heylaika.com,,,Hetzner,Online,GmbH,,
CareAcademy,careacademy.com,cloudflare,141.193.213.21,Cloudflare,London,,,
Owl Labs,owllabs.com,Netlify,75.2.60.5,Amazon.com,,,,
Mayvenn,mayvenn.com,Jetty(9.4.42.v20210604),52.6.72.206,Amazon.com,,,,
Hazel Health,hazel.co,,34.209.167.56,Amazon.com,,,,
Elemental Machines,elementalmachines.io,,,Hetzner,Online,GmbH,,
CrowdStreet,crowdstreet.com,cloudflare,104.21.34.162,Cloudflare,,,,
Syzygy Plasmonics,plasmonics.tech,Netlify,75.2.60.5,Amazon.com,,,,
Fountain,fountain.com,cloudflare,104.18.19.164,Cloudflare,,,,
Cognoa,cognoa.com,cloudflare,141.193.213.21,Cloudflare,London,,,
Treez,treez.io,Vercel,76.76.21.21,Amazon.com,,,,
AutoLeadStar,autoleadstar.com,,,Hetzner,Online,GmbH,,
Tellius,tellius.com,Pagely-ARES/1.10.28,35.168.216.102,Amazon.com,,,,
Talos,talos.com,,34.209.167.56,Amazon.com,,,,
Hone,honehq.com,cloudflare,104.26.5.140,Cloudflare,,,,
Tecton,tecton.ai,cloudflare,141.193.213.11,Cloudflare,London,,,
DataGrail,datagrail.io,cloudflare,141.193.213.10,Cloudflare,London,,,
CG Oncology,coldgenesys.com,,,Hetzner,Online,GmbH,,
Glean,glean.com,,,Hetzner,Online,GmbH,,
Fathom Health,fathomhealth.com,,76.223.27.102,Amazon.com,,,,
Stairwell,stairwell.com,cloudflare,172.67.156.7,Cloudflare,,,,
Apploi,apploi.com,,,Hetzner,Online,GmbH,,
Jetti Resources,jettiresources.com,nginx,18.169.245.167,Amazon.com,,,,
Rokid,rokid.ai,cloudflare,141.193.213.10,Cloudflare,London,,,
MedCrypt,medcrypt.co,,52.11.45.250,Amazon.com,,,,
Neocis,neocisinc.com,,,Hetzner,Online,GmbH,,
Front,frontapp.com,,,Hetzner,Online,GmbH,,
MBX Biosciences,mbxbio.com,cloudflare,162.159.134.42,Cloudflare,,,,
Biofourmis,biofourmis.com,,52.11.45.250,Amazon.com,,,,
Semperis,semperis.com,,,Hetzner,Online,GmbH,,
Emalex Biosciences,emalexbiosciences.com,Apache/2.4.56 (Debian),173.254.216.4,QuadraNet,Enterprises,LLC,,
Swift Navigation,swiftnav.com,Cowboy,52.204.242.176,Amazon.com,,,,
ConcertAI,concertohealthai.com,,,Hetzner,Online,GmbH,,
Arcadia,arcadia.com,Netlify,34.83.23.240,Google,LLC,,,
Prime Trust,primetrust.com,Netlify,35.199.181.187,Google,LLC,,,
Resilia,resilia.com,Squarespace,198.49.23.144,Squarespace,,,,
Securiti,securiti.ai,cloudflare,172.67.68.185,Cloudflare,,,,
Particle Health,particlehealth.com,,34.209.167.56,Amazon.com,,,,
Kriya Therapeutics,kriyatherapeutics.com,cloudflare,104.21.63.119,Cloudflare,,,,
Logiwa,logiwa.com,nginx,35.199.32.25,Google,LLC,,,
Aisera,aisera.com,cloudflare,141.193.213.10,Cloudflare,London,,,
SpinLaunch,spinlaunch.com,,,Hetzner,Online,GmbH,,
Pie Insurance,pieinsurance.com,cloudflare,141.193.213.10,Cloudflare,London,,,
Yellow Card,yellowcard.io,cloudflare,104.18.0.88,Cloudflare,,,,
Firework,fireworkhq.com,,,Hetzner,Online,GmbH,,
Golden,golden.co,,,Hetzner,Online,GmbH,,
Subtle Medical,subtlemedical.com,,,Hetzner,Online,GmbH,,
Finexio,finexio.com,,52.25.204.60,Amazon.com,,,,
Fortanix,fortanix.com,CloudFront,18.161.6.35,Amazon.com,,,,
Infinitum Electric,infinitumelectric.com,,,Hetzner,Online,GmbH,,
JupiterOne,jupiterone.com,,34.209.167.56,Amazon.com,,,,
ClassDojo,classdojo.com,AmazonS3,18.161.6.99,Amazon.com,,,,
NeuroFlow,neuroflow.com,,,Hetzner,Online,GmbH,,
VUZ,360vuz.com,,,Hetzner,Online,GmbH,,
Astronomer,astronomer.io,Netlify,34.83.11.4,Google,LLC,,,
Hint Health,hint.com,,,Hetzner,Online,GmbH,,
Zip,ziphq.com,,52.11.45.250,Amazon.com,,,,
Resilience,resilence.com,nginx,104.247.82.53,Team,Internet,AG,,
SubjectWell,subjectwell.com,Flywheel/5.1.0,151.101.2.159,Fastly,,,,
Tibit Communications,tibitcom.com,nginx,35.247.81.19,Google,LLC,,,
Alto Neuroscience,altoneuroscience.com,,34.209.167.56,Amazon.com,,,,
Mesh Payments,meshpayments.com,,,Hetzner,Online,GmbH,,
Expel,expel.com,nginx,35.173.74.67,Amazon.com,,,,
Meati,meati.com,GatsbyHosting,199.232.198.22,Fastly,,,,
Brave,brave.com,AmazonS3,18.172.170.4,Amazon.com,,,,
Swimlane,swimlane.com,cloudflare,104.26.2.130,Cloudflare,,,,
HackerRank,hackerrank.com,nginx,2.19.143.98,Akamai,Technologies,,,
Akash Systems,akashsystemsinc.com,,,Hetzner,Online,GmbH,,
WorkSpan,workspan.com,,34.209.167.56,Amazon.com,,,,
Owkin,owkin.com,Netlify,75.2.60.5,Amazon.com,,,,
Soli Organic,soliorganic.com,cloudflare,162.159.135.42,Cloudflare,,,,
Patch Technologies,patch.io,,52.25.204.60,Amazon.com,,,,
Jiko,jiko.io,Netlify,104.198.14.52,Google,LLC,,,
Digits,digits.com,,34.95.92.107,Google,LLC,,,
PowerToFly,powertofly.com,,18.161.6.90,Amazon.com,,,,
tray.io,tray.io,,204.246.191.53,Amazon.com,,,,
Tive,tive.com,,52.25.204.60,Amazon.com,,,,
Solid,solidfi.com,,34.209.167.56,Amazon.com,,,,
Span.IO,span.io,,34.209.167.56,Amazon.com,,,,
Newfront,newfront.com,Vercel,76.76.21.98,Amazon.com,,,,
Center,getcenter.com,nginx,23.185.0.3,Fastly,,,,
HYCU,hycu.com,,151.139.128.10,StackPath,,,,
Maven Clinic,mavenclinic.com,nginx,34.134.226.239,Google,LLC,,,
Arize AI,arize.com,cloudflare,162.159.135.42,Cloudflare,,,,
ZeroAvia,zeroavia.com,,199.15.163.128,Wix.com,Ltd.,,,
Teleport,goteleport.com,cloudflare,104.18.6.23,Cloudflare,,,,
Cellarity,cellarity.com,Sucuri/Cloudproxy,192.124.249.106,Sucuri,,,,
Flueid,flueid.com,AmazonS3,99.84.66.4,Amazon.com,,,,
Wonder,wonder.com,Squarespace,198.49.23.145,Squarespace,,,,
Brightline,emiliohealth.com,,,Hetzner,Online,GmbH,,
Casma Therapeutics,casmatx.com,nginx,104.196.53.7,Google,LLC,,,
0x,0xproject.com,,,Hetzner,Online,GmbH,,
Stable,stableprice.com,Squarespace,198.185.159.144,Squarespace,,,,
Bravado,bravado.co,cloudflare,172.67.36.201,Cloudflare,,,,
AssemblyAI,assemblyai.com,Netlify,34.168.30.71,Google,LLC,,,
Arthur AI,arthur.ai,,34.209.167.56,Amazon.com,,,,
Hex Technologies,hex.tech,,,Hetzner,Online,GmbH,,
Empatica,empatica.com,Netlify,35.199.181.187,Google,LLC,,,
Electric Hydrogen,eh2.com,cloudflare,141.193.213.21,Cloudflare,London,,,
Spotnana Technology,spotnana.com,cloudflare,141.193.213.11,Cloudflare,London,,,
OneSignal,onesignal.com,cloudflare,104.18.215.59,Cloudflare,,,,
Moxion Power,moxionpower.com,,34.209.167.56,Amazon.com,,,,
Narmi,narmi.com,,52.11.45.250,Amazon.com,,,,
Unravel Data,unraveldata.com,cloudflare,172.67.24.134,Cloudflare,,,,
Firefly Aerospace,fireflyspace.com,cloudflare,141.193.213.20,Cloudflare,London,,,
TheGuarantors,theguarantors.com,Vercel,76.76.21.142,Amazon.com,,,,
Clear Street,clearstreet.io,,52.11.45.250,Amazon.com,,,,
Kneron,kneron.us,,,Hetzner,Online,GmbH,,
Velocity Global,velocityglobal.com,cloudflare,104.26.5.134,Cloudflare,,,,
Magic Spoon,magicspoon.com,cloudflare,23.227.38.32,Cloudflare,,,,
Taranis,taranis.ag,,,Hetzner,Online,GmbH,,
Filevine,filevine.com,nginx/1.24.0,44.236.166.116,Amazon.com,,,,
Brave Health,bebravehealth.com,,,Hetzner,Online,GmbH,,
Hello Heart,helloheart.com,,52.25.204.60,Amazon.com,,,,
Bevi,bevi.co,cloudflare,141.193.213.20,Cloudflare,London,,,
Strike,strike.me,Netlify,147.75.40.150,Packet,Host,,,
Kojo,usekojo.com,,34.209.167.56,Amazon.com,,,,
TRM Labs,trmlabs.com,,52.11.45.250,Amazon.com,,,,
Pulley,pulley.com,,34.102.133.158,Google,LLC,,,
AngelList Talent,gmail.com,,,Hetzner,Online,GmbH,,
Ordr,ordr.net,cloudflare,141.193.213.11,Cloudflare,London,,,
HopSkipDrive,hopskipdrive.com,cloudflare,199.60.103.30,Cloudflare,London,,,
Brightseed,brightseedbio.com,Vercel,76.76.21.21,Amazon.com,,,,
Cleerly,cleerly.co,openresty/1.13.6.1,45.33.2.79,Akamai,Connected,Cloud,,
Middesk,middesk.com,,34.209.167.56,Amazon.com,,,,
Zerion,zerion.io,cloudflare,104.26.10.68,Cloudflare,,,,
Digital Diagnostics,digitaldiagnostics.com,,,Hetzner,Online,GmbH,,
Clarify Health Solutions,clarifyhealth.com,cloudflare,172.67.97.163,Cloudflare,,,,
Tienda Pago,tiendapago.com,Apache,107.180.28.81,GoDaddy.com,,,,
Sesame,sesamecare.com,,,Hetzner,Online,GmbH,,
Tomorrow Health,tomorrowhealth.com,,52.11.45.250,Amazon.com,,,,
Breezeway,breezeway.io,cloudflare,199.60.103.226,Cloudflare,London,,,
Vivun,vivun.com,cloudflare,162.159.134.42,Cloudflare,,,,
Atom Power,atompower.com,,199.15.163.148,Wix.com,Ltd.,,,
Trace,traceup.com,,,Hetzner,Online,GmbH,,
Alation,alation.com,nginx,104.198.2.56,Google,LLC,,,
Gotham Greens,gothamgreens.com,nginx,35.223.172.190,Google,LLC,,,
PicnicHealth,picnichealth.com,cloudflare,104.26.7.164,Cloudflare,,,,
Connectbase,connected2fiber.com,,,Hetzner,Online,GmbH,,
Ethic,ethicinvesting.com,,,Hetzner,Online,GmbH,,
LogRocket,logrocket.com,,,Hetzner,Online,GmbH,,
Obsidian Security,obsidiansecurity.com,nginx,35.202.211.50,Google,LLC,,,
Boulevard,joinblvd.com,,18.161.6.123,Amazon.com,,,,
Data.world,data.world,,151.101.2.133,Fastly,,,,
Underdog Fantasy,underdogfantasy.com,Google Frontend,151.101.66.132,Fastly,,,,
Impact Analytics,impactanalytics.co,cloudflare,104.18.22.43,Cloudflare,,,,
Courier,courier.com,Vercel,76.76.21.21,Amazon.com,,,,
Bicycle Health,bicyclehealth.com,cloudflare,104.22.17.179,Cloudflare,,,,
Federated Wireless,federatedwireless.com,cloudflare,104.22.71.155,Cloudflare,,,,
Qualified.com,qualified.com,nginx,3.226.232.232,Amazon.com,,,,
Lilt,lilt.com,,35.190.15.33,Google,LLC,,,
OpenPhone,openphone.co,cloudflare,104.18.8.187,Cloudflare,,,,
Tebra,kareo.com,,,Hetzner,Online,GmbH,,
onxMaps,onxmaps.com,,,Hetzner,Online,GmbH,,
Bionic,bionic.ai,cloudflare,141.193.213.20,Cloudflare,London,,,
Panzura,panzura.com,cloudflare,141.193.213.11,Cloudflare,London,,,
Edge Delta,edgedelta.com,AmazonS3,18.161.6.21,Amazon.com,,,,
BillionToOne,billiontoone.com,cloudflare,141.193.213.21,Cloudflare,London,,,
Capital Rx,cap-rx.com,,52.11.45.250,Amazon.com,,,,
Everytable,everytable.com,,,Hetzner,Online,GmbH,,
airSlate,airslate.com,,,Hetzner,Online,GmbH,,
RippleMatch,ripplematch.com,nginx,35.188.156.234,Google,LLC,,,
LinearB,linearb.io,nginx,46.101.35.195,DigitalOcean,,,,
Carisma Therapeutics,carismatx.com,Sucuri/Cloudproxy,192.124.249.62,Sucuri,,,,
Dealpath,dealpath.com,AmazonS3,204.246.191.27,Amazon.com,,,,
Material Bank,materialbank.com,,151.101.22.49,Fastly,,,,
Agility Robotics,agilityrobotics.com,Squarespace,198.49.23.144,Squarespace,,,,
Tessera Therapeutics,tesseratx.com,,,Hetzner,Online,GmbH,,
Carbyne,carbyne.com,cloudflare,141.193.213.21,Cloudflare,London,,,
Ayar Labs,ayarlabs.com,,,Hetzner,Online,GmbH,,
Tovala,tovala.com,Vercel,76.76.21.21,Amazon.com,,,,
COTA Healthcare,cotahealthcare.com,cloudflare,162.159.135.42,Cloudflare,,,,
STRIVR,strivr.com,nginx,104.198.66.55,Google,LLC,,,
Capitolis,eternapartners.com,Apache,89.187.85.19,Coreix,Ltd,,,
Zoovu,zoovu.com,,,Hetzner,Online,GmbH,,
ZineOne,zineone.com,,,Hetzner,Online,GmbH,,
Ellevest,ellevest.com,cloudflare,104.18.29.25,Cloudflare,,,,
Kitchen United,kitchenunited.com,nginx,104.198.51.78,Google,LLC,,,
Torch,torch.io,nginx,35.185.112.185,Google,LLC,,,
Seegrid,seegrid.com,nginx,104.198.28.229,Google,LLC,,,
Sana Benefits,sanabenefits.com,,,Hetzner,Online,GmbH,,
Stylitics,stylitics.com,nginx/1.21.0,167.99.52.135,DigitalOcean,,,,
Beta Technologies,beta.team,nginx,23.185.0.1,Fastly,,,,
X1,x1.co,,,Hetzner,Online,GmbH,,
Sun King,greenlightplanet.com,,,Hetzner,Online,GmbH,,
GrowthSpace,growthspace.com,cloudflare,141.193.213.21,Cloudflare,London,,,
Cirkul,drinkcirkul.com,cloudflare,23.227.38.32,Cloudflare,,,,
Cube,cubesoftware.com,cloudflare,199.60.103.254,Cloudflare,London,,,
Proscia,proscia.com,nginx,34.68.119.204,Google,LLC,,,
Knoetic,knoetic.com,,52.25.204.60,Amazon.com,,,,
Capella Space,capellaspace.com,cloudflare,104.26.6.147,Cloudflare,,,,
Fairmarkit,fairmarkit.com,,52.11.45.250,Amazon.com,,,,
Verishop,verishop.com,cloudflare,104.17.159.23,Cloudflare,,,,
Kumo.AI,kumo.ai,nginx,52.22.57.175,Amazon.com,,,,
Movable Ink,movableink.com,Cowboy,23.23.235.50,Amazon.com,,,,
Atomica Corp,atomica.com,cloudflare,141.193.213.20,Cloudflare,London,,,
ReCode Therapeutics,recodetx.com,cloudflare,141.193.213.20,Cloudflare,London,,,
GOQii,goqii.com,nginx,3.7.133.173,Amazon.com,,,,
Vizgen,vizgen.com,nginx,35.190.155.134,Google,LLC,,,
Branch,ourbranch.com,,,Hetzner,Online,GmbH,,
Fly.io,fly.io.,,,Hetzner,Online,GmbH,,
IntelyCare,intelycare.com,Sucuri/Cloudproxy,192.124.249.133,Sucuri,,,,
Vaxess Technologies,vaxess.com,Squarespace,198.49.23.145,Squarespace,,,,
Rookout,rookout.com,cloudflare,172.66.43.109,Cloudflare,,,,
Celona,celona.io,,52.25.204.60,Amazon.com,,,,
Finix Payments,finixpayments.com,,,Hetzner,Online,GmbH,,
Quiq,goquiq.com,,,Hetzner,Online,GmbH,,
Built Robotics,builtrobotics.com,cloudflare,104.26.10.110,Cloudflare,,,,
Boatsetter,boatsetter.com,nginx,3.213.6.164,Amazon.com,,,,
WSO2,wso2.com,cloudflare,104.18.14.72,Cloudflare,,,,
Regrow Ag,regrow.ag,,52.25.204.60,Amazon.com,,,,
Lightning AI,lightning.ai,nginx,34.111.9.200,Google,LLC,,,
Botrista Technology,botrista.io,,,Hetzner,Online,GmbH,,
Diligent Robotics,diligentrobots.com,Squarespace,198.49.23.145,Squarespace,,,,
Demostack,demostack.com,Netlify,54.177.41.125,Amazon.com,,,,
Mashgin,mashgin.com,,,Hetzner,Online,GmbH,,
Kaiyo,kaiyo.com,cloudflare,172.67.5.190,Cloudflare,,,,
SkySpecs,skyspecs.com,nginx,35.233.245.83,Google,LLC,,,
DealHub.io,dealhub.io,,,Hetzner,Online,GmbH,,
Noyo,noyo.com,Netlify,34.83.11.4,Google,LLC,,,
Mosyle,mosyle.com,Apache,23.102.132.77,Microsoft,Corporation,,,
SafetyWing,safetywing.com,nginx,34.110.196.95,Google,LLC,,,
Forge Biologics,forgebiologics.com,,,Hetzner,Online,GmbH,,
Source,zeromasswater.com,,,Hetzner,Online,GmbH,,
Statsig,statsig.com,istio-envoy,40.125.127.28,Microsoft,Corporation,,,
Meter,meter.com,,52.25.204.60,Amazon.com,,,,
Syntiant,syntiant.com,Pepyaka/1.19.10,151.101.21.84,Fastly,,,,
ComboCurve,combocurve.com,cloudflare,141.193.213.11,Cloudflare,London,,,
TruckSmarter,trucksmarter.com,,52.11.45.250,Amazon.com,,,,
Nymbl Science,nymblscience.com,nginx,192.0.78.25,Automattic,,,,
Zilliz,zilliz.com,nginx/1.17.10,99.83.204.24,Amazon.com,,,,
Isovalent,isovalent.com,GatsbyHosting,199.232.194.22,Fastly,,,,
Noodle.ai,noodle.ai,GatsbyHosting,199.232.194.22,Fastly,,,,
Instabug,instabug.com,,34.209.167.56,Amazon.com,,,,
Twingate,twingate.com,Netlify,54.176.41.87,Amazon.com,,,,
Tenovos,tenovos.com,,,Hetzner,Online,GmbH,,
Submittable,submittable.com,Netlify,35.247.66.204,Google,LLC,,,
Elevate K-12,elevatek12.com,cloudflare,141.193.213.20,Cloudflare,London,,,
Purple Lab,purplelab.com,nginx,35.223.245.7,Google,LLC,,,
FlexGen,flexgen.com,cloudflare,104.21.16.84,Cloudflare,,,,
Eclypsium,eclypsium.com,,151.101.65.195,Fastly,,,,
Teamworks,teamworks.com,,,Hetzner,Online,GmbH,,
Florence Healthcare,florencehc.com,nginx,18.161.6.114,Amazon.com,,,,
RentSpree,rentspree.com,cloudflare,172.67.72.57,Cloudflare,,,,
Lumafield,lumafield.com,Vercel,76.76.21.21,Amazon.com,,,,
Echodyne,echodyne.com,cloudflare,172.67.72.78,Cloudflare,,,,
AppViewX,appviewx.com,cloudflare,104.18.11.82,Cloudflare,,,,
Visby Medical,visbymedical.com,AmazonS3,99.84.66.34,Amazon.com,,,,
MANTA,getmanta.com,cloudflare,199.60.103.186,Cloudflare,London,,,
Spectro Cloud,spectrocloud.com,AmazonS3,204.246.191.74,Amazon.com,,,,
QuotaPath,quotapath.com,Vercel,76.76.21.21,Amazon.com,,,,
Rivery.io,rivery.io,cloudflare,141.193.213.10,Cloudflare,London,,,
New York Shipping Exchange,nyshex.com,,,Hetzner,Online,GmbH,,
Xage Security,xage.com,nginx,35.196.104.31,Google,LLC,,,
Incredible Health,incrediblehealth.com,cloudflare,104.26.15.153,Cloudflare,,,,
LottieFiles,lottiefiles.com,cloudflare,172.64.151.115,Cloudflare,,,,
Whistic,whistic.com,cloudflare,199.60.103.226,Cloudflare,London,,,
DigiLens,digilens.com,Apache/2.4.41 (Ubuntu),54.190.208.174,Amazon.com,,,,
Ledger Investing,ledgerinvesting.com,Vercel,76.76.21.21,Amazon.com,,,,
Arable,arable.com,nginx,23.185.0.2,Fastly,,,,
WeaveGrid,weavegrid.com,,52.11.45.250,Amazon.com,,,,
ThriveFantasy,thrivefantasy.com,cloudflare,104.18.35.126,Cloudflare,,,,
TaskHuman,taskhuman.com,nginx,35.202.119.152,Google,LLC,,,
Mindful Care,mindful.care,cloudflare,172.67.140.195,Cloudflare,,,,
VulcanForms,vulcanforms.com,,34.209.167.56,Amazon.com,,,,
Cap Hill Brands,caphillbrands.com,,52.25.204.60,Amazon.com,,,,
SamCart,samcart.com,cloudflare,141.193.213.11,Cloudflare,London,,,
SitePro,sitepro.com,cloudflare,199.60.103.254,Cloudflare,London,,,
ETON Solutions,eton-solutions.com,cloudflare,141.193.213.11,Cloudflare,London,,,
Axio,axio.com,cloudflare,104.26.14.224,Cloudflare,,,,
Burrow,burrow.com,cloudflare,172.66.40.81,Cloudflare,,,,
Pattern Brands,patternbrands.com,cloudflare,23.227.38.65,Cloudflare,,,,
Natural Fiber Welding,naturalfiberwelding.com,cloudflare,199.60.103.254,Cloudflare,London,,,
Airspace,airspace.com,cloudflare,199.60.103.2,Cloudflare,London,,,
Brightside Health,brightside.com,cloudflare,141.193.213.21,Cloudflare,London,,,
Mendel.ai,mendel.ai,,34.209.167.56,Amazon.com,,,,
DoraHacks,dorahacks.com,,,Hetzner,Online,GmbH,,
Orna Therapeutics,ornatx.com,,,Hetzner,Online,GmbH,,
ShiftLeft,shiftleft.io,,,Hetzner,Online,GmbH,,
Ever/Body,everbody.com,cloudflare,104.21.21.33,Cloudflare,,,,
Bark Technologies,bark.us,Apache,35.153.120.218,Amazon.com,,,,
Galvanize Therapeutics,galvanizetx.com,cloudflare,160.153.0.10,Cloudflare,London,,,
Eleanor Health,eleanorhealth.com,cloudflare,141.193.213.11,Cloudflare,London,,,
Fernish,fernish.com,,18.161.6.116,Amazon.com,,,,
Autobooks,autobooks.co,cloudflare,199.60.103.31,Cloudflare,London,,,
InfStones,infstones.com,nginx/1.18.0 (Ubuntu),54.144.40.177,Amazon.com,,,,
LifeMine Therapeutics,lifeminetx.com,cloudflare,162.159.135.42,Cloudflare,,,,
RealWear,realwear.com,cloudflare,104.22.4.184,Cloudflare,,,,
Optimal Dynamics,optimaldynamics.com,,34.209.167.56,Amazon.com,,,,
Ethena,goethena.com,Apache/2.4.54 (Debian),44.214.176.141,Amazon.com,,,,
Vytalize Health,vytalizehealth.com,,,Hetzner,Online,GmbH,,
Osmind,osmind.org,,34.209.167.56,Amazon.com,,,,
Ascend.io,ascend.io,,,Hetzner,Online,GmbH,,
SiLC Technologies,silc.com,Flywheel/5.1.0,151.101.66.159,Fastly,,,,
Sovrn,sovrn.com,cloudflare,141.193.213.10,Cloudflare,London,,,
MycoTechnology,mycotechcorp.com,,,Hetzner,Online,GmbH,,
Oliver Space,oliver.space,cloudflare,172.67.138.91,Cloudflare,,,,
AgroSpheres,agrospheres.com,,52.25.204.60,Amazon.com,,,,
Shyft,shyftmoving.com,,52.25.204.60,Amazon.com,,,,
Dandelion Energy,dandelionenergy.com,Apache/2.4.41 (Ubuntu),161.35.14.150,DigitalOcean,,,,
Dusty Robotics,dustyrobotics.com,,52.25.204.60,Amazon.com,,,,
Gusto,gusto.com,cloudflare,172.64.154.69,Cloudflare,,,,
Menusifu,menusifu.com,,,Hetzner,Online,GmbH,,
UrbanFootprint,urbanfootprint.com,nginx,104.196.225.196,Google,LLC,,,
Ossio,ossio.io,nginx,198.211.105.61,DigitalOcean,,,,
Kangarootime,kangarootime.com,LiteSpeed,67.202.92.31,K,Media,Tech,Ltd.,
Glowforge,glowforge.com,,99.86.38.122,Amazon.com,,,,
Superb AI,superb-ai.com,Vercel,76.76.21.21,Amazon.com,,,,
Nursa,nursa.com,,45.60.241.199,Incapsula,Inc,,,
Litmus Automation,litmus.io,cloudflare,104.18.2.37,Cloudflare,,,,
Unlearn.AI,unlearn.ai,,34.209.167.56,Amazon.com,,,,
ALICE Technologies,alicetechnologies.com,cloudflare,199.60.103.28,Cloudflare,London,,,
Vontive,vontive.com,,52.25.204.60,Amazon.com,,,,
Well,well.co,cloudflare,141.193.213.10,Cloudflare,London,,,
Seclore,seclore.com,Sucuri/Cloudproxy,192.124.249.53,Sucuri,,,,
InsideTracker,insidetracker.com,,13.107.237.70,Microsoft,Corporation,,,
Yamibuy,yamibuy.com,openresty,44.224.208.189,Amazon.com,,,,
Crunchbase,crunchbase.com,cloudflare,104.22.63.68,Cloudflare,,,,
Sigmoid,sigmoid.com,cloudflare,104.21.74.199,Cloudflare,,,,
Docker,docker.com,cloudflare,141.193.213.20,Cloudflare,London,,,
Activ Surgical,activsurgical.com,nginx,35.227.145.165,Google,LLC,,,
Open Raven,openraven.com,,52.11.45.250,Amazon.com,,,,
Recurve,recurve.com,,34.209.167.56,Amazon.com,,,,
Prosimo,prosimo.io,Flywheel/5.1.0,151.101.194.159,Fastly,,,,
ACELYRIN,acelyrin.com,nginx,52.142.5.13,Microsoft,Corporation,,,
Aquabyte,aquabyte.ai,nginx-rc,164.90.206.202,DigitalOcean,,,,
Parler,parler.com,nginx/1.23.1,199.231.234.154,Parlement,Technologies,,,
AmazeVR,amazevr.com,Squarespace,198.49.23.144,Squarespace,,,,
Arine,arine.io,,,Hetzner,Online,GmbH,,
Fortress Information Security,fortressinfosec.com,cloudflare,199.60.103.31,Cloudflare,London,,,
Raptor Maps,raptormaps.com,cloudflare,141.193.213.11,Cloudflare,London,,,
Zap Energy,zapenergyinc.com,,,Hetzner,Online,GmbH,,
Talkiatry,talkiatry.com,,34.209.167.56,Amazon.com,,,,
Fetcher,fetcher.ai,,,Hetzner,Online,GmbH,,
LiveView Technologies,lvt.com,,34.209.167.56,Amazon.com,,,,
Kasisto,kasisto.com,nginx,104.196.70.215,Google,LLC,,,
WiredScore,wiredscore.com,cloudflare,141.193.213.21,Cloudflare,London,,,
SupplyPike,supplypike.com,,,Hetzner,Online,GmbH,,
Joonko,joonko.co,AmazonS3,99.84.66.102,Amazon.com,,,,
Nava,nava.io,,,Hetzner,Online,GmbH,,
Stratifyd,stratifyd.com,,52.11.45.250,Amazon.com,,,,
Cordial,cordial.com,,,Hetzner,Online,GmbH,,
MixMode,mixmode.ai,,,Hetzner,Online,GmbH,,
LucidLink,lucidlink.com,Apache/2.4.54 (Ubuntu),34.206.192.164,Amazon.com,,,,
Mint House,minthouse.com,cloudflare,162.159.135.42,Cloudflare,,,,
Prizeout,prizeout.com,cloudflare,104.22.34.190,Cloudflare,,,,
ChargeAfter,chargeafter.com,nginx,35.185.200.47,Google,LLC,,,
LineVision,linevisioninc.com,,34.209.167.56,Amazon.com,,,,
AutoRABIT,autorabit.com,,,Hetzner,Online,GmbH,,
Theta Lake,thetalake.com,nginx,18.144.77.46,Amazon.com,,,,
Full Harvest,fullharvest.com,cloudflare,199.60.103.2,Cloudflare,London,,,
AccelByte,accelbyte.net,,,Hetzner,Online,GmbH,,
Lily AI,lily.ai,cloudflare,141.193.213.21,Cloudflare,London,,,
Poplar Homes,poplarhomes.com,nginx/1.14.2,54.215.232.214,Amazon.com,,,,
StrongArm Tech,strongarmtech.com,nginx,138.197.53.149,DigitalOcean,,,,
Little Leaf Farms,littleleaffarms.com,LiteSpeed,66.115.171.6,Performive,LLC,,,
BlueOcean,blueocean.ai,nginx/1.21.6,173.254.69.221,Unified,Layer,,,
Home365,home365.co,Apache,3.219.175.102,Amazon.com,,,,
Legacy,givelegacy.com,nginx,3.132.166.52,Amazon.com,,,,
Doorstead,doorstead.com,cloudflare,104.26.1.65,Cloudflare,,,,
Wahed Invest,wahedinvest.com,,,Hetzner,Online,GmbH,,
Spruce,getspruce.com,cloudflare,141.193.213.11,Cloudflare,London,,,
Aspen Neuroscience,aspenneuro.com,openresty,34.102.136.180,Google,LLC,,,
GridX,gridx.com,nginx,104.154.28.173,Google,LLC,,,
FORT Robotics,fortrobotics.com,cloudflare,199.60.103.228,Cloudflare,London,,,
skan.ai,skan.ai,,,Hetzner,Online,GmbH,,
JobGet,jobget.com,nginx/1.23.3,52.71.2.194,Amazon.com,,,,
Reciprocity,reciprocitylabs.com,,,Hetzner,Online,GmbH,,
StackHawk,stackhawk.com,,,Hetzner,Online,GmbH,,
RayzeBio,rayzebio.com,Apache,66.180.64.220,Blueshift,Information,Systems,Inc.,
OvationCXM,ovationcxm.com,,,Hetzner,Online,GmbH,,
CAMP4 Therapeutics,camp4tx.com,Flywheel/5.1.0,151.101.2.159,Fastly,,,,
Celsius Therapeutics,celsiustx.com,cloudflare,141.193.213.11,Cloudflare,London,,,
FarmWise,farmwise.io,,54.183.137.146,Amazon.com,,,,
Landis,landis.com,AmazonS3,204.246.191.78,Amazon.com,,,,
ZEDEDA,zededa.com,cloudflare,141.193.213.21,Cloudflare,London,,,
Magic Eden,magiceden.io,cloudflare,104.18.17.187,Cloudflare,,,,
BlockApps,blockapps.net,cloudflare,104.21.28.85,Cloudflare,,,,
Vendia,vendia.net,,,Hetzner,Online,GmbH,,
Terabase Energy,terabase.energy,,52.25.204.60,Amazon.com,,,,
Rivet,rivet.gg,,,Hetzner,Online,GmbH,,
Senda Biosciences,sendabiosciences.com,,,Hetzner,Online,GmbH,,
CEIPAL,ceipal.com,nginx,34.173.127.233,Google,LLC,,,
VectorBuilder,vectorbuilder.com,,76.223.29.72,Amazon.com,,,,
Covr Financial Technologies,covrtech.com,cloudflare,141.193.213.21,Cloudflare,London,,,
Mirvie,mirvie.com,,34.209.167.56,Amazon.com,,,,
Strider Technologies,striderintel.com,Sucuri/Cloudproxy,192.124.249.129,Sucuri,,,,
Merge,merge.dev,,,Hetzner,Online,GmbH,,
Abacus Insights,abacusinsights.com,,,Hetzner,Online,GmbH,,
Music Audience Exchange,max.live,cloudflare,199.60.103.31,Cloudflare,London,,,
METiS Therapeutics,metistx.com,Pepyaka/1.19.10,34.149.87.45,Google,LLC,,,
Gardyn,mygardyn.com,cloudflare,104.26.0.188,Cloudflare,,,,
Reveleer,healthdatavision.com,,,Hetzner,Online,GmbH,,
Ergeon,ergeon.com,AmazonS3,99.84.66.2,Amazon.com,,,,
Enko Chem,enkochem.com,nginx/1.18.0 (Ubuntu),3.75.104.27,Amazon.com,,,,
TriSalus Life Sciences,surefiremedical.com,,,Hetzner,Online,GmbH,,
Moxe Health,moxehealth.com,LiteSpeed,3.208.135.31,Amazon.com,,,,
FalconX,falconx.io,,52.11.45.250,Amazon.com,,,,
SignalWire,signalwire.com,nginx,35.193.31.115,Google,LLC,,,
JenaValve Technology,jenavalve.com,,,Hetzner,Online,GmbH,,
Wildcat Discovery Technologies,wildcatdiscovery.com,nginx,137.184.179.7,DigitalOcean,,,,
Shoreline,shoreline.io,,34.209.167.56,Amazon.com,,,,
Higg Co,higg.com,cloudflare,141.193.213.10,Cloudflare,London,,,
Future Family,futurefamily.com,AmazonS3,204.246.191.43,Amazon.com,,,,
TransfrVR,transfrvr.com,,,Hetzner,Online,GmbH,,
Cybrary,cybrary.it,AmazonS3,18.161.6.95,Amazon.com,,,,
Dispatch,dispatchwithus.com,,,Hetzner,Online,GmbH,,
Pure Watercraft,purewatercraft.com,,,Hetzner,Online,GmbH,,
MyCarrier,go.mycarrier.io,,,Hetzner,Online,GmbH,,
SingleOps,singleops.com,nginx,104.196.28.63,Google,LLC,,,
Leaf Trade,leaftrade.com,,,Hetzner,Online,GmbH,,
Hunt Club,huntclub.com,cloudflare,199.60.103.227,Cloudflare,London,,,
TokenEx,tokenex.com,cloudflare,141.193.213.10,Cloudflare,London,,,
Enervee,enervee.com,,52.25.204.60,Amazon.com,,,,
NorthOne,northone.com,nginx/1.23.3,52.15.206.155,Amazon.com,,,,
Data Gumbo,datagumbo.com,cloudflare,199.60.103.30,Cloudflare,London,,,
Nucleus Security,nucleussec.com,,,Hetzner,Online,GmbH,,
Airspace Link,airspacelink.com,Netlify,75.2.60.5,Amazon.com,,,,
ForAllSecure,forallsecure.com,Google Frontend,34.117.45.43,Google,LLC,,,
Candle Labs,candlelabs.org,Framer/1da0abb,52.223.52.2,Amazon.com,,,,
Prellis Biologics,prellisbio.com,,,Hetzner,Online,GmbH,,
Eclipse Foods,eclipsefoods.com,Squarespace,198.49.23.144,Squarespace,,,,
TrueBinding,truebinding.com,Squarespace,198.49.23.144,Squarespace,,,,
Tidio,tidio.net,,,Hetzner,Online,GmbH,,
Verkada,verkada.com,cloudflare,104.22.13.102,Cloudflare,,,,
HowGood,howgood.com,cloudflare,104.26.2.126,Cloudflare,,,,
Rael,getrael.com,,,Hetzner,Online,GmbH,,
CreativeX,picassolabs.com,,,Hetzner,Online,GmbH,,
Soundstripe,soundstripe.com,cloudflare,199.60.103.2,Cloudflare,London,,,
Rippling,rippling.com,Vercel,76.76.21.142,Amazon.com,,,,
Vita Therapeutics,vita-therapeutics.com,,,Hetzner,Online,GmbH,,
GoCo.io Inc,goco.io,nginx,157.230.226.109,DigitalOcean,,,,
Harness,harness.io,,52.11.45.250,Amazon.com,,,,
Public Goods,publicgoods.com,cloudflare,23.227.38.74,Cloudflare,,,,
dotData,dotdata.com,nginx,35.193.212.84,Google,LLC,,,
410 Medical,410medical.com,nginx,34.206.18.87,Amazon.com,,,,
Anvilogic,anvilogic.com,,52.11.45.250,Amazon.com,,,,
Locus Biosciences,locus-bio.com,,,Hetzner,Online,GmbH,,
Ashvattha Therapeutics,ashvatthatherapeutics.com,,,Hetzner,Online,GmbH,,
L7 Informatics,l7informatics.com,Sucuri/Cloudproxy,192.124.249.57,Sucuri,,,,
Genetesis,genetesis.com,,34.209.167.56,Amazon.com,,,,
BeeHero,beehero.io,,52.11.45.250,Amazon.com,,,,
ZenLedger,zenledger.io,,52.25.204.60,Amazon.com,,,,
Form Energy,formenergy.com,,,Hetzner,Online,GmbH,,
Arzeda,arzeda.com,cloudflare,141.193.213.21,Cloudflare,London,,,
Qloo,qloo.com,Netlify,104.198.14.52,Google,LLC,,,
Soft Robotics,softroboticsinc.com,nginx,104.198.14.88,Google,LLC,,,
Elucid,elucidbio.com,,,Hetzner,Online,GmbH,,
Retool,retool.com,Vercel,76.76.21.21,Amazon.com,,,,
HireArt,hireart.com,,34.209.167.56,Amazon.com,,,,
MicroTransponder,microtransponder.com,nginx,23.185.0.3,Fastly,,,,
Movellus,movellus.com,nginx,35.226.133.80,Google,LLC,,,
Notable Labs,notablelabs.com,nginx,104.154.118.233,Google,LLC,,,
MedTrainer,medtrainer.com,LiteSpeed,185.214.132.81,Hostinger,International,Limited,,
CHAMPtitles,champtitles.com,cloudflare,160.153.0.91,Cloudflare,London,,,
Convoy,convoy.com,cloudflare,141.193.213.10,Cloudflare,London,,,
Vitara Biomedical,vitara.com,Squarespace,198.185.159.144,Squarespace,,,,
Bravo Sierra,bravosierra.com,cloudflare,23.227.38.74,Cloudflare,,,,
Tally,meettally.com,nginx/1.20.2,18.223.19.166,Amazon.com,,,,
Neat Capital,neatcapital.com,,52.25.204.60,Amazon.com,,,,
Iontra,iontra.com,,,Hetzner,Online,GmbH,,
Oyster,withoyster.com,,34.209.167.56,Amazon.com,,,,
Boulder Care,boulder.care,,34.209.167.56,Amazon.com,,,,
Be Biopharma,bebiopharma.com,,,Hetzner,Online,GmbH,,
Nisos,nisos.com,cloudflare,162.159.134.42,Cloudflare,,,,
Careviso,covermytest.com,,,Hetzner,Online,GmbH,,
Javara Research,javararesearch.com,cloudflare,162.159.135.42,Cloudflare,,,,
Code Ocean,codeocean.com,nginx,18.161.6.99,Amazon.com,,,,
Redesign Health,redesignhealth.com,AmazonS3,18.161.6.24,Amazon.com,,,,
Kyte,drivekyte.com,,,Hetzner,Online,GmbH,,
Alzheon,doe.com,,,Hetzner,Online,GmbH,,
Inspirna,inspirna.com,cloudflare,160.153.0.186,Cloudflare,London,,,
FundGuard,fundguard.com,nginx,35.188.91.53,Google,LLC,,,
WizeHire,wizehire.com,nginx,198.58.122.24,Akamai,Connected,Cloud,,
DefenseStorm,defensestorm.com,fbs,151.139.128.10,StackPath,,,,
INK Games,inkgames.com,,,Hetzner,Online,GmbH,,
Battle motors,gmail.com,,,Hetzner,Online,GmbH,,
iraLogix,iralogix.com,nginx,104.198.73.33,Google,LLC,,,
Joywell Foods,joywellfoods.com,,,Hetzner,Online,GmbH,,
Moleaer,moleaer.com,cloudflare,199.60.103.31,Cloudflare,London,,,
WeTravel,wetravel.com,,35.169.229.152,Amazon.com,,,,
Homethrive,homethrive.com,cloudflare,199.60.103.228,Cloudflare,London,,,
Monte Carlo,montecarlodata.com,cloudflare,141.193.213.10,Cloudflare,London,,,
Cribl,cribl.io,nginx,99.84.66.70,Amazon.com,,,,
Journera,journera.com,Squarespace,198.185.159.145,Squarespace,,,,
Moximed,moximed.com,nginx,130.211.148.200,Google,LLC,,,
ProofPilot,proofpilot.com,cloudflare,199.60.103.30,Cloudflare,London,,,
Religion of Sports,religionofsports.com,nginx/1.21.6,50.87.223.105,Unified,Layer,,,
Claravine,claravine.com,nginx,104.196.40.64,Google,LLC,,,
Onda,drinkonda.com,cloudflare,23.227.38.65,Cloudflare,,,,
Point,point.com,,34.209.167.56,Amazon.com,,,,
Whatnot,whatnot.com,cloudflare,104.18.42.215,Cloudflare,,,,
Triplemint,triplemint.com,,,Hetzner,Online,GmbH,,
MoEngage,moengage.com,cloudflare,141.193.213.21,Cloudflare,London,,,
Element5,e5.ai,,99.84.66.67,Amazon.com,,,,
Sionna Therapeutics,sionnatx.com,nginx,104.154.236.248,Google,LLC,,,
Viz,viz.ai,,52.11.45.250,Amazon.com,,,,
Shield AI,shield.ai,nginx,23.185.0.253,Fastly,,,,
Ursa Space Systems,ursaspace.com,,,Hetzner,Online,GmbH,,
Carmot Therapeutics,carmot.us,,,Hetzner,Online,GmbH,,
Domuso,domuso.com,Squarespace,198.185.159.145,Squarespace,,,,
Green Revolution Cooling,grcooling.com,nginx,35.185.60.174,Google,LLC,,,
Remote,remote.com,Vercel,76.76.21.21,Amazon.com,,,,
SmartX Technology Solutions,smartxadvisory.com,Apache,54.85.42.114,Amazon.com,,,,
Shop-Ware,shop-ware.com,,,Hetzner,Online,GmbH,,
XYZ Robotics,xyzrobotics.ai,cloudflare,104.21.50.130,Cloudflare,,,,
Playerâs Health,playershealth.com,,34.209.167.56,Amazon.com,,,,
Modern Treasury,moderntreasury.com,Vercel,76.76.21.21,Amazon.com,,,,
APDS,apdscorporate.com,,,Hetzner,Online,GmbH,,
Upside,upside.com,,52.11.45.250,Amazon.com,,,,
Clerk,clerk.dev,Vercel,76.76.21.98,Amazon.com,,,,
Verana Networks,verananetworks.com,,198.71.233.100,GoDaddy.com,,,,
SeatGeek,seatgeek.com,openresty,151.101.130.133,Fastly,,,,
Groups360,groups360.com,cloudflare,141.193.213.20,Cloudflare,London,,,
Iris Telehealth,iristelehealth.com,nginx,23.236.55.173,Google,LLC,,,
Cerecin,cerecin.com,,99.83.230.219,Amazon.com,,,,
Generation Esports,generationesports.com,,,Hetzner,Online,GmbH,,
Silent Falcon UAS Technologies,silentfalconuas.com,,,Hetzner,Online,GmbH,,
Structure Therapeutics,shoutipharma.com,,,Hetzner,Online,GmbH,,
Utility Global,utility.global,,,Hetzner,Online,GmbH,,
ClearTrace,cleartrace.io,,,Hetzner,Online,GmbH,,
Pave,pave.com,,52.11.45.250,Amazon.com,,,,
Mutiny,mutinyhq.com,Vercel,76.76.21.21,Amazon.com,,,,
Circ,tytonbio.com,,,Hetzner,Online,GmbH,,
SprintRay,sprintray.com,cloudflare,172.66.40.107,Cloudflare,,,,
Grafana Labs,grafana.com,nginx/1.23.3,34.120.177.193,Google,LLC,,,
Electric,electric.ai,cloudflare,162.159.134.42,Cloudflare,,,,
Anduril Industries,anduril.com,,,Hetzner,Online,GmbH,,
Vergent Bioscience,vergentbio.com,,,Hetzner,Online,GmbH,,
Valitor,valitorbio.com,,,Hetzner,Online,GmbH,,
DermaSensor,dermasensor.com,,,Hetzner,Online,GmbH,,
Dedrone,dedrone.com,,34.209.167.56,Amazon.com,,,,
Sibel Health,sibelhealth.com,Squarespace,198.185.159.145,Squarespace,,,,
Keen Decision Systems,keends.com,nginx,216.92.77.61,pair,Networks,,,
Covercress,covercress.com,Microsoft-IIS/10.0,3.209.60.167,Amazon.com,,,,
Halo Labs,halolabs.com,Apache,64.90.59.16,New,Dream,Network,,
Magnetic Insight,magneticinsight.com,Apache,208.73.201.59,Interserver,,,,
LambdaTest,lambdatest.com,cloudflare,104.18.4.65,Cloudflare,,,,
Immuta,immuta.com,cloudflare,141.193.213.20,Cloudflare,London,,,
Pajarito Powder,pajaritopowder.com,nginx,146.148.92.162,Google,LLC,,,
Sharper Shape,sharpershape.com,cloudflare,141.193.213.10,Cloudflare,London,,,
Genies,genies.com,Netlify,75.2.60.5,Amazon.com,,,,
Materna Medical,maternamed.com,,,Hetzner,Online,GmbH,,
Evisort,evisort.com,,52.11.45.250,Amazon.com,,,,
ATLAS Space Operations,atlasground.com,,,Hetzner,Online,GmbH,,
Elevation,elevationenergysolutions.com,,,Hetzner,Online,GmbH,,
Avenda Health,avendahealth.com,,,Hetzner,Online,GmbH,,
Centerline Biomedical,centerlinebiomed.com,openresty,34.120.145.50,Google,LLC,,,
Wasabi Technologies,wasabi.com,,,Hetzner,Online,GmbH,,
OnCorps,oncorps.ai,,52.11.45.250,Amazon.com,,,,
Pawlicy Advisor,pawlicy.com,Vercel,76.76.21.21,Amazon.com,,,,
Alma,helloalma.com,Netlify,75.2.60.5,Amazon.com,,,,
Calyxo,calyxoinc.com,,,Hetzner,Online,GmbH,,
Decisio Health,decisiohealth.com,nginx,34.69.60.32,Google,LLC,,,
Raven360,raven360.com,cloudflare,199.60.103.228,Cloudflare,London,,,
Stord,stord.com,Vercel,76.76.21.21,Amazon.com,,,,
Glia,glia.com,,52.25.204.60,Amazon.com,,,,
Inari,inari.com,Netlify,75.2.60.5,Amazon.com,,,,
Folx Health,folxhealth.com,AmazonS3,18.161.6.112,Amazon.com,,,,
Boston Micro Fabrication,bmftec.com,,,Hetzner,Online,GmbH,,
OnPoint,onpoint-us.com,Apache,72.167.70.199,GoDaddy.com,,,,
Vibenomics,vibenomics.com,cloudflare,141.193.213.10,Cloudflare,London,,,
Checkr,checkr.com,nginx,23.185.0.2,Fastly,,,,
Invetx,invetx.com,,,Hetzner,Online,GmbH,,
Zenysis,zenysis.com,AmazonS3,18.161.6.109,Amazon.com,,,,
Rain,rain.us,,,Hetzner,Online,GmbH,,
VitalTech,vitaltech.com,nginx,192.0.78.188,Automattic,,,,
Fetch,fetchrewards.com,,,Hetzner,Online,GmbH,,
SwanBio Therapeutics,swanbiotx.com,nginx/1.23.4,192.145.234.17,InMotion,Hosting,,,
Mojo Vision,mojo.vision,Netlify,34.168.247.115,Google,LLC,,,
Aero,aero.com,Sucuri/Cloudproxy,192.124.249.54,Sucuri,,,,
Postscript,postscript.io,Netlify,99.83.231.61,Amazon.com,,,,
AltPep,altpep.com,cloudflare,141.193.213.10,Cloudflare,London,,,
Singlera Genomics,singleragenomics.com,,,Hetzner,Online,GmbH,,
LandGate,petrovalues.com,,,Hetzner,Online,GmbH,,
Ablative Solutions,ablativesolutions.com,nginx,45.63.91.57,The,Constant,Company,,
Amaryllis Payment Solutions,amaryllispay.com,LiteSpeed,185.132.5.235,A2,Hosting,,,
Crusoe Energy Systems,crusoeenergy.com,AmazonS3,18.161.6.98,Amazon.com,,,,
DocSpera,docspera.com,AmazonS3,54.213.95.128,Amazon.com,,,,
Elektrofi,elektrofi.com,Squarespace,198.49.23.145,Squarespace,,,,
Open Book Extracts,openbookextracts.com,cloudflare,104.26.14.176,Cloudflare,,,,
Levita Magnetics,levitamag.com,,,Hetzner,Online,GmbH,,
Altana AI,altana.ai,Vercel,76.76.21.21,Amazon.com,,,,
"Ekalavya Hansaj, Inc.",ekalavyahansaj.com,,,Hetzner,Online,GmbH,,
ScotchPorter,scotchporter.com,cloudflare,23.227.38.74,Cloudflare,,,,
Amberdata,amberdata.io,cloudflare,199.60.103.28,Cloudflare,London,,,
Vendr,vendr.com,,52.25.204.60,Amazon.com,,,,
Innago - Property Management Software,innago.com,,,Hetzner,Online,GmbH,,
Fictiv,fictiv.com,cloudflare,104.21.72.139,Cloudflare,,,,
Flatfile,flatfile.com,GatsbyHosting,199.232.194.22,Fastly,,,,
Rapid,rapidapi.com,cloudflare,172.66.42.232,Cloudflare,,,,
Token,tokenize.com,,,Hetzner,Online,GmbH,,
NexHealth,nexhealth.com,,52.11.45.250,Amazon.com,,,,
Upward Health,upwardhealth.com,Sucuri/Cloudproxy,192.124.249.125,Sucuri,,,,
Pearlx Infrastructure,pearlx.com,nginx,3.97.184.250,Amazon.com,,,,
Medallion,medallion.co,,212.2.243.166,Civo,LTD,,,
Kindertales,kindertales.com,cloudflare,199.60.103.225,Cloudflare,London,,,
Elation Health,elationhealth.com,cloudflare,204.246.191.40,Amazon.com,,,,
Sitetracker,sitetracker.com,nginx,23.185.0.2,Fastly,,,,
Pachama,pachama.com,cloudflare,141.193.213.21,Cloudflare,London,,,
AlphaSense,alpha-sense.com,cloudflare,141.193.213.21,Cloudflare,London,,,
Ojjo,ojjo.com,Squarespace,198.49.23.145,Squarespace,,,,
Afresh,afresh.com,,52.11.45.250,Amazon.com,,,,
Sentry,sentry.io,,,Hetzner,Online,GmbH,,
Workstream,workstream.us,,18.161.6.112,Amazon.com,,,,
PayCargo,paycargo.com,cloudflare,141.193.213.20,Cloudflare,London,,,
Bainbridge Health,bainbridgehealth.com,cloudflare,199.60.103.2,Cloudflare,London,,,
ILiAD Biotechnologies,iliadbio.com,Apache,107.180.56.177,GoDaddy.com,,,,
BigPanda,bigpanda.io,cloudflare,141.193.213.10,Cloudflare,London,,,
Observe.AI,observe.ai,,52.11.45.250,Amazon.com,,,,
Landing,hellolanding.com,cloudflare,172.67.68.11,Cloudflare,,,,
Frontera Therapeutics,fronteratherapeutics.com,Apache,34.230.163.125,Amazon.com,,,,
BridGene Biosciences,bridgenebiosciences.com,,,Hetzner,Online,GmbH,,
VTS,vts.com,cloudflare,151.101.22.49,Fastly,,,,
Preply,preply.com,cloudflare,104.18.21.180,Cloudflare,,,,
Truework,truework.com,Netlify,99.84.66.49,Amazon.com,,,,
AccessFintech,accessfintech.com,Apache,89.187.85.19,Coreix,Ltd,,,
OpenSpace,openspace.ai,nginx,23.185.0.4,Fastly,,,,
Clarke Valve,clarkeindustrialengineering.com,,,Hetzner,Online,GmbH,,
InsurePay,insurepay.com,,,Hetzner,Online,GmbH,,
seqWell,seqwell.com,,,Hetzner,Online,GmbH,,
Vyriad,vyriad.com,Flywheel/5.1.0,151.101.2.159,Fastly,,,,
Imply,imply.io,nginx,34.121.120.87,Google,LLC,,,
Green Theme Technologies,greenthemetek.com,openresty,192.169.223.13,GoDaddy.com,,,,
Veza,veza.com,cloudflare,172.67.165.211,Cloudflare,,,,
Housecall Pro,housecallpro.com,CloudFront,204.246.191.39,Amazon.com,,,,
Gorgias,gorgias.com,,52.25.204.60,Amazon.com,,,,
Aledade,aledade.com,nginx,23.185.0.3,Fastly,,,,
LetsGetChecked,letsgetchecked.com,AmazonS3,99.84.66.110,Amazon.com,,,,
Zesty.ai,zesty.ai,Apache,199.115.124.219,Ecritel,SASU,,,
ZylÃ¶ Therapeutics,zylotherapeutics.com,Pepyaka/1.19.10,34.149.87.45,Google,LLC,,,
Overtime,itsovertime.com,,18.161.6.27,Amazon.com,,,,
Nightfall AI,nightfall.ai,,52.11.45.250,Amazon.com,,,,
Lucid Green,lucid-id.com,nginx,75.2.115.196,Amazon.com,,,,
Firstbase,firstbase.com,,34.209.167.56,Amazon.com,,,,
FreeWire Technologies,freewiretech.com,cloudflare,141.193.213.11,Cloudflare,London,,,
VidMob,vidmob.com,nginx,34.134.137.167,Google,LLC,,,
HomeLight,homelight.com,Cowboy,151.101.22.132,Fastly,,,,
Solidus Labs,soliduslabs.com,,34.209.167.56,Amazon.com,,,,
Accelus,accelusinc.com,Apache,162.217.150.79,SD,Data,Center,,
Belong,belonghome.com,Vercel,76.76.21.21,Amazon.com,,,,
Jeeves,tryjeeves.com,,34.209.167.56,Amazon.com,,,,
Messari,messari.io,cloudflare,104.18.7.70,Cloudflare,,,,
Gloat,gloat.com,cloudflare,141.193.213.20,Cloudflare,London,,,
Cista,cistadesign.com,Microsoft-IIS/10.0,216.69.141.67,GoDaddy.com,,,,
CertiK,certik.com,Vercel,76.76.21.21,Amazon.com,,,,
LinkSquares,linksquares.com,cloudflare,162.159.135.42,Cloudflare,,,,
Curebase,curebase.com,,52.11.45.250,Amazon.com,,,,
GlossGenius,glossgenius.com,,18.161.6.53,Amazon.com,,,,
Metalenz,metalenz.com,nginx,23.185.0.3,Fastly,,,,
Mainspring Energy,mainspringenergy.com,Netlify,35.247.66.204,Google,LLC,,,
Reify Health,reifyhealth.com,,52.11.45.250,Amazon.com,,,,
Caribou,gocaribou.com,Vercel,76.76.21.21,Amazon.com,,,,
fftest-lisa,15five.com,cloudflare,141.193.213.21,Cloudflare,London,,,
Retia Medical,retiamedical.com,Apache,69.163.144.202,New,Dream,Network,,
Cassia Networks,cassianetworks.com,nginx,104.198.254.120,Google,LLC,,,
Flip,flip.shop,,34.223.162.241,Amazon.com,,,,
Sonde Health,sondehealth.com,Squarespace,198.185.159.145,Squarespace,,,,
NetQub,netqub.com,LiteSpeed,52.25.252.101,Amazon.com,,,,
Coralogix,coralogix.com,cloudflare,104.18.11.234,Cloudflare,,,,
Delfi Diagnostics,delfidiagnostics.com,nginx,143.198.65.64,DigitalOcean,,,,
Fashinza,fashinza.com,nginx/1.18.0 (Ubuntu),13.232.80.3,Amazon.com,,,,
WorkRamp,workramp.com,nginx,35.239.47.170,Google,LLC,,,
Openly,openly.com,cloudflare,199.60.103.109,Cloudflare,London,,,
NextBillion,gmail.com,,,Hetzner,Online,GmbH,,
Booster,trybooster.com,,,Hetzner,Online,GmbH,,
Mosaic.tech,mosaic.tech,Vercel,76.76.21.21,Amazon.com,,,,
Onfleet,onfleet.com,nginx/1.14.0 (Ubuntu),52.201.115.220,Amazon.com,,,,
Vessel,vesselhealth.com,,,Hetzner,Online,GmbH,,
Astatech,astatechinc.com,Apache/2.2.15 (CentOS),104.130.26.101,Rackspace,Hosting,,,
Appsmith,appsmith.com,Vercel,76.76.21.21,Amazon.com,,,,
Prisma,prisma.io,,,Hetzner,Online,GmbH,,
Trovata,trovata.io,nginx/1.22.1,44.234.223.86,Amazon.com,,,,
Spine BioPharma,spinebiopharma.com,,,Hetzner,Online,GmbH,,
Incyclix Bio,incyclixbio.com,nginx,104.196.12.201,Google,LLC,,,
Material Security,material.security,,,Hetzner,Online,GmbH,,
Conversica,conversica.com,cloudflare,141.193.213.21,Cloudflare,London,,,
Accern,accern.com,,,Hetzner,Online,GmbH,,
tZERO,tzero.com,cloudflare,104.18.185.23,Cloudflare,,,,
Scratchpay,scratchpay.com,cloudflare,104.22.36.117,Cloudflare,,,,
Luxury Presence,luxurypresence.com,,,Hetzner,Online,GmbH,,
BoostUp.ai,boostup.ai,cloudflare,199.60.103.225,Cloudflare,London,,,
Sharebite,sharebite.com,AmazonS3,99.84.66.88,Amazon.com,,,,
DoControl,docontrol.io,,34.209.167.56,Amazon.com,,,,
Regenacy Pharmaceuticals,regenacy.com,Squarespace,198.185.159.144,Squarespace,,,,
Persistent Energy Partners,persistentenergypartners.com,,,Hetzner,Online,GmbH,,
Equalum,equalum.io,nginx,161.35.215.102,DigitalOcean,,,,
Naurex,naurex.com,,,Hetzner,Online,GmbH,,
Tesorio,tesorio.com,nginx,18.161.6.38,Amazon.com,,,,
BloXroute Labs,bloxroute.com,,,Hetzner,Online,GmbH,,
AgencyKPI,agencykpi.com,Squarespace,198.185.159.145,Squarespace,,,,
Own Up,ownup.com,Netlify,34.105.68.244,Google,LLC,,,
SmartHop,smarthop.co,,,Hetzner,Online,GmbH,,
JOBOX.ai,jobox.ai,,,Hetzner,Online,GmbH,,
Beilai Bio,baylxinc.com,Pepyaka/1.19.10,34.149.87.45,Google,LLC,,,
Kafene,kafene.com,cloudflare,104.21.46.126,Cloudflare,,,,
Lindy Biosciences,lindybio.com,Pepyaka/1.19.10,34.149.87.45,Google,LLC,,,
Light Field Lab,lightfieldlab.com,,52.25.204.60,Amazon.com,,,,
Guard Medical,guard-medical.com,,,Hetzner,Online,GmbH,,
Upfront Healthcare Services,upfronthealthcare.com,cloudflare,141.193.213.21,Cloudflare,London,,,
Socially Determined,sociallydetermined.com,cloudflare,199.60.103.31,Cloudflare,London,,,
Frontdesk,stayfrontdesk.com,Cowboy,18.205.36.100,Amazon.com,,,,
Octet Medical,octetmedical.com,,199.15.163.138,Wix.com,Ltd.,,,
Sonomotion,sonomotion.com,Apache,208.113.216.16,New,Dream,Network,,
Momnt,momnt.com,Apache/2.4.41 (Ubuntu),34.194.221.222,Amazon.com,,,,
REVA Medical,revamedical.com,nginx,35.185.15.10,Google,LLC,,,
Carlsmed,carlsmed.com,Sucuri/Cloudproxy,192.124.249.68,Sucuri,,,,
Phraxis,phraxis.com,DPS/2.0.0-beta+sha-7828e72,76.223.105.230,Amazon.com,,,,
DuraStat,durastat.com,Apache,52.119.45.92,Fused,Network,Corporation,,
TenNor Therapeutics,tennorx.com,F-WEB,23.91.101.66,UCLOUD,INFORMATION,TECHNOLOGY,(HK),LIMITED
Infleqtion,infleqtion.com,Flywheel/5.1.0,151.101.130.159,Fastly,,,,
OneRail,onerail.io,,,Hetzner,Online,GmbH,,
Deepgram,deepgram.com,cloudflare,141.193.213.21,Cloudflare,London,,,
Vial,vialtrials.com,,,Hetzner,Online,GmbH,,
ResortPass,resortpass.com,cloudflare,104.22.15.193,Cloudflare,,,,
Zylo,zylo.com,nginx,23.185.0.3,Fastly,,,,
Joy,withjoy.com,nginx/1.23.3,204.246.191.84,Amazon.com,,,,
Swell Energy,swellenergy.com,AmazonS3,204.246.191.20,Amazon.com,,,,
Plant Prefab,plantprefab.com,AmazonS3,204.246.191.43,Amazon.com,,,,
Saltbox,joinsaltbox.com,,,Hetzner,Online,GmbH,,
Runway,runwayml.com,Vercel,76.76.21.21,Amazon.com,,,,
FogPharma,fogpharma.com,nginx,34.72.11.255,Google,LLC,,,
HYPR,hypr.com,cloudflare,199.60.103.254,Cloudflare,London,,,
Aura Frames,auraframes.com,Apache,18.161.6.113,Amazon.com,,,,
ZOE,joinzoe.com,Vercel,76.76.21.21,Amazon.com,,,,
Mad Street Den,madstreetden.com,Apache/2.4.29 (Ubuntu),18.139.15.108,Amazon.com,,,,
Escient Pharmaceuticals,escientpharma.com,nginx,35.224.194.109,Google,LLC,,,
Frame AI,frame.ai,Netlify,75.2.60.5,Amazon.com,,,,
Simplilearn,simplilearn.com,,18.161.6.96,Amazon.com,,,,
Reach,reachlabs.co,,,Hetzner,Online,GmbH,,
SPHERE Technology Solutions,sphereco.com,LiteSpeed,54.184.190.119,Amazon.com,,,,
Novo,novo.co,,52.25.204.60,Amazon.com,,,,
Strategic Risk Associates,srarisk.com,,34.209.167.56,Amazon.com,,,,
Medical Informatics,mic.healthcare,,,Hetzner,Online,GmbH,,
Teampay,teampay.co,,52.25.204.60,Amazon.com,,,,
Republic,republic.com,cloudflare,104.22.56.211,Cloudflare,,,,
ClickHouse,clickhouse.com,,,Hetzner,Online,GmbH,,
Stellar,ifmrestoration.com,,,Hetzner,Online,GmbH,,
Experic,expericservices.com,Flywheel/5.1.0,151.101.130.159,Fastly,,,,
High Street Partners,hsp.com,cloudflare,199.60.103.31,Cloudflare,London,,,
Bionaut Labs,bionautlabs.com,Squarespace,198.49.23.145,Squarespace,,,,
FIDx,fid-x.com,,,Hetzner,Online,GmbH,,
Certemy,certemy.com,nginx,34.121.251.170,Google,LLC,,,
Lightning Labs,lightning.engineering,cloudflare,104.21.65.216,Cloudflare,,,,
New View Surgical,newviewsurg.com,nginx,35.172.94.1,Amazon.com,,,,
Faraday Pharmaceuticals,faradaypharma.com,Squarespace,198.49.23.144,Squarespace,,,,
Greenwood Bank,bankgreenwood.com,,,Hetzner,Online,GmbH,,
Upwing Energy,upwingenergy.com,,52.137.90.183,Microsoft,Corporation,,,
GameOn Technology,gameontechnology.com,Netlify,34.83.23.240,Google,LLC,,,
Unit21,unit21.ai,,52.11.45.250,Amazon.com,,,,
Aerami Therapeutics,aerami.com,Apache,13.57.65.93,Amazon.com,,,,
Amaryllis,amaryllispay.com,LiteSpeed,185.132.5.235,A2,Hosting,,,
MALK Organics,malkorganics.com,Apache,50.87.150.60,Unified,Layer,,,
15Five,15five.com,cloudflare,141.193.213.21,Cloudflare,London,,,
Saphlux,saphlux.com,Squarespace,198.49.23.144,Squarespace,,,,
Ostro,rxdefine.com,,,Hetzner,Online,GmbH,,
OMNY Health,omnyhealth.com,cloudflare,162.159.134.42,Cloudflare,,,,
BehaVR,behavr.com,cloudflare,141.193.213.20,Cloudflare,London,,,
Tredence,tredence.com,,,Hetzner,Online,GmbH,,
Enveda Biosciences,envedabio.com,,52.11.45.250,Amazon.com,,,,
Exyn Technologies,exyntechnologies.com,,,Hetzner,Online,GmbH,,
Vic.ai,vic.ai,,52.25.204.60,Amazon.com,,,,
CyberCube,cybcube.com,cloudflare,199.60.103.226,Cloudflare,London,,,
Helm.ai,helm.ai,Netlify,34.83.11.4,Google,LLC,,,
Sound Agriculture,sound-ag.com,,,Hetzner,Online,GmbH,,
SafeAI,safeai.ai,cloudflare,199.60.103.30,Cloudflare,London,,,
Group14 Technologies,group14.technology,Netlify,50.18.215.94,Amazon.com,,,,
Small Door,smalldoorvet.com,Netlify,50.18.142.31,Amazon.com,,,,
MarginEdge,marginedge.com,cloudflare,199.60.103.2,Cloudflare,London,,,
Nerdio,getnerdio.com,Sucuri/Cloudproxy,192.124.249.110,Sucuri,,,,
Heyday,heydayskincare.com,cloudflare,23.227.38.74,Cloudflare,,,,
quadric.io,quadric.io,Apache,45.79.85.163,Akamai,Connected,Cloud,,
ZincFive,zincfive.com,Flywheel/5.1.0,151.101.66.159,Fastly,,,,
User Interviews,userinterviews.com,cloudflare,172.67.43.157,Cloudflare,,,,
Gilgamesh Pharmaceuticals,gilgameshpharmaceutical.com,,34.209.167.56,Amazon.com,,,,
Massive Bio,massivebio.com,nginx,52.162.87.62,Microsoft,Corporation,,,
Bilt Rewards,biltrewards.com,Vercel,76.76.21.98,Amazon.com,,,,
Element Energy,elementenergy.com,,,Hetzner,Online,GmbH,,
A2 Biotherapeutics,a2bio.com,cloudflare,104.26.10.185,Cloudflare,,,,
Flexport,flexport.com,Netlify,54.176.41.87,Amazon.com,,,,
Trilio,trilio.io,,,Hetzner,Online,GmbH,,
Drata,drata.com,cloudflare,104.18.24.210,Cloudflare,,,,
Fathom,fathomhealth.com,,76.223.27.102,Amazon.com,,,,
Poppi,drinkpoppi.com,Apache/2.4.29 (Ubuntu),35.227.198.201,Google,LLC,,,
